1	2	Το καινούργιο τσιφτετέλι
2	3	Περιπλανώμενη ζωή
3	4	Απόψε θέλω να μεθύσω
4	5	Το αδιέξοδο
5	6	ΜΙΑ ΠΑΛΙΑ ΙΣΤΟΡΙΑ
6	7	Ξημερώνει και βραδιάζει
7	8	Κάποιο ηλιοβασίλεμα
8	9	Πολύ στο λούσο το' ριξες
9	10	Πριγκηπομαστούρηδες
10	11	ΤΟ ΨΩΜΙ ΤΗΣ ΞΕΝΙΤΙΑΣ
11	12	Σήκω χόρεψε συρτάκι
12	13	Κόκκινα φανάρια (το καλντερίμι)
13	14	Άναψε το τσιγάρο
14	15	Απ'τον καημό ξεχείλισα
15	16	Της βροχής οι στάλες
16	17	Ζουρλοπαινεμένης γέννα
17	18	Η Μαρίτσα στο χαρέμι
18	19	Βάλτε αρνιά στην ψησταριά
19	20	Άμα ήμουν άλλος
20	21	Αγάπη είχα κι έχασα
21	22	Άνοιξε βαθειά τα στήθια
22	23	Το όνειρο της αδελφής (Ένα όνειρο που είδα)
23	24	Χασαποσέρβικο
24	25	Τα κεριά τα σπαρματσέτα
25	26	Ψαράδες
26	27	Μπάρμπα Σταμάτη
27	28	Που να ‘ναι τέτοια ώρα η αγάπη μου
28	29	Νταντέλα
29	30	Μες την Αθήνα (Παίζουν τα μπουζούκια)
30	31	Κυβέρνησε τα βήματά μου
31	32	Τα όμορφα τα γαλανά σου μάτια
32	33	Η μπόμπα
33	34	Μα τι λέω
34	35	Ντερτιλίδικο (Ρομβία)
35	36	Για μιαν αγάπη που 'χασα
36	37	Η σκληρόκαρδη
37	38	ΦΟΥΜΑ ΦΟΥΜΑ
38	39	Μες την παλιά την Κοκκινιά
39	40	Έρχομαι τον τοίχο τοίχο
40	41	Εγώ είμαι γιος της Κοκκινιάς
41	42	Αχ μουσταφά
42	43	Άλα, άνοιξε κι άλλη μπουκάλα
43	44	Έτσι αγαπάω εγώ
44	45	Λαός και Κολωνάκι
45	46	Λαϊκό τσιγάρο
46	47	Ρίξε στο κορμί μου σπίρτο
47	48	Κλάψε με μάνα κλάψε με
48	49	Φεγγάρι αν είσαι λαμπερό
49	50	Στάθηκα πενιές ν ακούσω
50	51	Ιστορία μου
51	52	Ο αργαλειός
52	53	Ο Μακεδόνας
53	54	Θα χτίσω στην Ελλάδα καινούργιο Χόλυγουντ
54	55	Όλα τα παίρνει ο ποταμός
55	56	Η Δραπετσώνα
56	57	Μη με στέλνεις μάνα στην Αμερική
57	58	Τι τραβούμε εμείς οι άντρες
58	59	Θέλω απόψε να γλεντήσω
59	60	Με γυναίκες μην τραβιέσαι
60	61	Το καπηλειό
61	62	Η τράτα
62	63	Νύχτα αξημέρωτη
63	64	Η σκερτσόζα
64	65	Η μαυρομάτα
65	66	Τα φτωχαδάκια
66	67	Κατεργάρα
67	68	Η σουπιά (Δεν ξαναπιάνω γκόμενα)
68	69	Η άμαξα μες στη βροχή
69	70	Καλημέρα
70	71	Το παράπονο του Μάρκου με το ούτι (Είμαι ένα δερβισάκι)
71	72	Το τελευταίο ραντεβού
72	73	Η λόγχη μας το θέλει
73	74	Ελενάκι βρε κουκλάκι
74	75	Θέλω στα μπουζούκια
75	76	Ταχεία
76	77	Καρδιοκλεφτρα
77	78	Ο θάνατος της μάνας
78	79	Είπα να σβήσω τα παλιά
79	80	Μια μικροπαντρεμένη
80	81	Μεσ' του Φώτη το καπηλειό
81	82	Τέλος δεν έχει ο ουρανός
82	83	Δεν έκανες για σπίτι εσύ
83	84	Το κορίτσι θέλει γάμο
84	85	Εμπρός Παναθηναϊκέ
85	86	Η Καλυβιώτισσα
86	87	Τα πείσματα σου τα κουτά
87	88	Πέθανε ο Αριστείδης
88	89	Ανοιχτά παίζει η σαρδέλα
89	90	Τα ορφανά
90	91	Πάψε να ακούς τη φίλη σου
91	92	Απ' όσες κι αν εγνώρισα (Έχω καημούς αβάσταχτους)
92	93	Διώξε τον μπαξεβάνη σου
93	94	Να ΄χα καρδιά από σίδερο
94	95	Είσαι εσύ ο άνθρωπός μου
95	96	ΤΟ ΛΟΥΛΟΎΔΑΚΙ ΤΟΥ ΜΠΑΞΈ
96	97	Δυο μαύρα μάτια γνώρισα
97	98	Απόψε κάνεις μπαμ
98	99	Νύχτες μαγικές
99	100	Ο τραυματίας
100	101	Χαράμισα τα νιάτα μου
101	102	Της φτώχειας τα κουρέλια
102	103	Στην εποχή του Πάγκαλου
103	104	Ανάθεμα την ώρα
104	105	Το ορφανό παιδί
105	106	Στην Πάρο και στη Νάξο
106	107	Ο ζητιάνος της αγάπης
107	108	Σε θυμήθηκα και πάλι
108	109	Το σπίτι έμεινε ορφανό (Εχθές αργά το δειλινό)
109	110	Της μαστούρας ο σκοπός
110	111	Μ' ένα καράβι φορτηγό
111	112	Ο γκρινιάρης
112	113	Ανήμπορος
113	114	Απόψε στις ακρογιαλιές
114	115	Κατηγορούμενο κορμί
115	116	Όπου και να πας
116	117	Η Μαργαρίτα
117	118	Ο ταξιδιώτης (Τρεχαντηράκι)
118	119	Άγνωστη αγαπημένη
119	120	Μαρτύριο
120	121	Τα μπλε παράθυρα
121	122	Το παλιό κρεβάτι
122	123	Ελένη Ελενάκι
123	124	Χρόνια στον Περαία
124	125	Η μικρή του καμηλιέρη
125	126	Γιατί άλλαξες, γιατί
126	127	Που πας χωρίς αγάπη
127	128	ΥΠΑΡΧΩ
128	129	Οι εξισώσεις
129	130	Θα γυρίσει κι ο τροχός
130	131	Μάγισσα (Στην ερημιά, την εξοχή)
131	132	Φύγε δε σε θέλω πια κοντά μου
132	133	Η ντερμπεντέρισσα (Τρέξε μάγκα να ρωτήσεις)
133	134	Από τα πεντέμια πέφτω
134	135	Σε δείλιασε η φτώχεια μου
135	136	Θα σε στεφανωθώ
136	137	Για μια κόρη ξελογιάστρα
137	138	Δεν ζούμε εμείς οι μάγκες
138	139	Τα λερωμένα τ' άπλυτα
139	140	Πίνω και μεθώ
140	141	Τα μαύρα μάτια
141	142	Καλογεράκι
142	143	Θα σπάσει το μπουζούκι μου
143	144	Ψευτοφίλια
144	145	Ντυμένη σαν αρχόντισσα
145	146	Που ‘σαι Θανάση
146	147	Σε διώξαν απ' την Κοκκινιά
147	148	Επιάσανε τον Μπάτη
148	149	Το κόκκινο φουστάνι
149	150	Γελασμένος
150	151	Τα παιδιά του Πειραιά
151	152	Απόψε με την κούρσα μου
152	153	Συχνότητα (Μοσχολιού)
153	154	Το πικραμένο αγόρι
154	155	Χασαπάκι δεν σε θέλω πια
155	156	Κάποια κάπου κάποτε
156	157	Και σύ δεν έχεις μπέσα
157	158	Πειραιώτικο ταξίμι
158	159	Ξενύχτης πάλι έμεινα
159	160	Με το παλιό σακκάκι
160	161	Η καρδιά του μάγκα
161	162	Πω πω πω Μαρία
162	163	Ποιος είμαι μη ρωτάς
163	164	Για σένανε κουκλίτσα μου
164	165	Με τριγυρίζει μια φωτιά
165	166	Ο Μπάτης ο ντερβίσης
166	167	Βαριά χτυπούν τα σήμαντρα
167	168	Δηλητήριο στη φλέβα
168	169	Κάρμεν στην Αθήνα
169	170	Ο καθρέφτης
170	171	Σβήστε με απ τον χάρτη
171	172	Μάγισσες φέρτε βότανα
172	173	Δεν σ' αγαπώ σε μίσησα
173	174	Ο πόνος του πρεζάκια
174	175	Μαριώ και μανάβης
175	176	Φταις εσύ γιατί μεθάω
176	177	Στην Ελευσίνα μια φορά
177	178	Θεατρίνα
178	179	Δε μου μιλάς δε με κοιτάς
179	180	Έλα να πάμε τσάρκα
180	181	Μπέκρος δεν είμαι
181	182	Οι ζαργάνες
182	183	Τραγιάσκες
183	184	παραπονεμένα λόγια
184	185	Ποιος ασίκης
185	186	Της το βγάλανε
186	187	Μην περιμένεις πια
187	188	Το μάγκικο
188	189	Καλέ μάνα δεν μπορώ
189	190	Ανάθεμά σε
190	191	Με λες μπεκρή και μπατιράκι
191	192	Πάρε με Μάρω, πάρε με
192	193	Σε παλάτια σε τσαντίρια
193	194	Η αλανιάρα
194	195	Πιο πέρα απ το Τζάνειο
195	196	ο Βαγγέλης της μαμής
196	197	Η βαλίτσα
197	198	Την τελευταία μου ζαριά
198	199	Πενιές Παπαιωάννου
199	200	Γκρεμίζουν την Αθήνα την παλιά
200	201	Η τσαχπίνα
201	202	Στον καθρέφτη σου κοιτιέσαι
202	203	Σαν ρουφάω το κρασί
203	204	Αχ χελιδόνι μου
204	205	Δερβισάκι
205	206	κανε κουραγιο
206	207	Το κουτσαβάκι
207	208	Διπλόχορδο τσιφτετέλι
208	209	Οι φωνογραφητζήδες
209	210	Πειραιώτισσα
210	211	Μπάλος
211	212	Μα είναι και θεός
212	213	Θέλω να πίνεις να μεθας
213	214	Όταν πέφτει το βραδυ
214	215	Με το στόμα γεμάτο φιλιά
215	216	Η νοσταλγία
216	217	Μας πήρανε χαμπάρι
217	218	Ο ταχυδρόμος θα μας χωρίσει
218	219	Κοτσάκια (Να σ’ αγαπώ ήντα ‘θελα)
219	220	Δεν με στεφανώνεσαι
220	221	Τα βάσανα μου σε ποιόν να πω
221	222	Όταν πίνει μια γυναίκα
222	223	Ο άρρωστος
223	224	Ώιντε μπρε
224	225	Η Αρμενίτσα
225	226	Στην αθηνα το βραδυ
226	227	Το βλέπω θα πεθάνω
227	228	Έκλαψα χτες
228	229	Ο μήνας έχει εννιά
229	230	Είμαστε ίσα τώρα
230	231	Το οργανάκι
231	232	Σε τούτο το παλιόσπιτο
232	233	Δεν είναι όνειρο η ζωή
233	234	Τα δυο χαστούκια
234	235	Εγώ μάγκας φαινόμουνα
235	236	Γιορτάζεις σήμερα
236	237	Την πιο ωραία μου ζωή
237	238	Άλλον αγαπώ
238	239	Φόρα τα κόκκινα
239	240	Καλλιοπάκι (Πάλι μεθυσμένος)
240	241	Κακαβιά (Σία κι αράξαμε)
241	242	Θα το ‘γραψε η μοίρα μου
242	243	Μην κλαίς μανούλα μου
243	244	Μαριγούλα
244	245	Έχει η Ελλάδα ομορφιές
245	246	Τα καβουράκια
246	247	Έχω ζάλη
247	248	Άιντε ρε μόρτη Πειραιώτη
248	249	Μαχαρανή
249	250	Τώρα που θα φύγεις
250	251	Με θαμπώνουν οι ματιές σου
251	252	Κάποια μάνα αναστενάζει
252	253	Λεβέντικος χορός
253	254	Με πλάνεψες μποέμισσα
254	255	Ο Βαγγέλης
255	256	Μάγκας βγήκε για σεργιάνι
256	257	Μη θες να τυραννιούμαι
257	258	Πάνω σ' ένα βράχο (Σ' ένα βράχο φαγωμένο)
258	259	Στο Βοτανικό
259	260	Ο γέρος
260	261	Από τις παρανομίες μου
261	262	Ο μαστούρας (Σαν μαστουριάσω και γινώ)
262	263	Τι θέλεις που γεννιέσαι
263	264	Αϊντίνικο ζεϊμπέκικο (Ρίξε τα μαλλιά σου πίσω)
264	265	Το συμφέρον
265	266	Καρδιοκλέφτρα
266	267	Αφ' ότου εγεννήθηκα
267	268	Όποιος τραγουδάει τον πόνο
268	269	Τότε που τα 'χα τα λεφτά
269	270	Εξεκίνησα ένα βράδυ
270	271	Θα σε πλανέψω μια φορά
271	272	Είναι κακούργα η μάνα σου
272	273	Το εισπρακτοράκι
273	274	Σ' αγάπησα βρε μόρτισσα
274	275	Αν θα σ' αφήσει τι θα κάνεις
275	276	Το άγαλμα
276	277	Τα πράγματα στη θέση τους (Μαγκιόρισσα)
277	278	Ο πόνος με πλημμύρισε
278	279	Όταν περνάς γιατί
279	280	Θέλω μαστούρης να γινώ
280	281	Κάθε λιμάνι και καημός
281	282	Άλλονε τώρα αγαπώ
282	283	Χριστίνα
283	284	Όποιος ορφάνεψε μικρός
284	285	Δυο ψαράκια μελανούρια
285	286	Αλανιάρικο
286	287	Ένα κι ένα κάνουν δυο
287	288	Τα νησιά (Ο χάρος έστησε χορό)
288	289	Δεν μ' αγαπάς
289	290	Οι παντρεμένοι
290	291	Γλέντι και χορός (σέρβικο)
291	292	δέκα παλικαρια
292	293	Θαλασσινό μεράκι
293	294	Απόψε να μην κοιμηθείς
294	295	Περσεφόνη μου γλυκειά
295	296	Σήμερα πονάω
296	297	Ζαΐρα
297	298	Αράπικο τσιφτετέλι (Όλα χαλάλι σου)
298	299	Τα βάσανα της πλύστρας
299	300	Τα δυο σου χέρια πήρανε
300	301	Έχει και χαράματα
301	302	Για την αγάπη σου
302	303	Σουλτάνα μαυροφόρα
303	304	Το νταχτήρι
304	305	Θα σ' εκδικηθώ
305	306	Εμεινα εδώ
306	307	Το παράπονο του ντερβίση
307	308	Πίνω και μεθώ (Οφ αμάν)
308	309	Το σακάκι μου κι αν στάζει
309	310	Πάνε τα τρένα κι έρχονται
310	311	Δεν υποφέρεσαι
311	312	Αν σε χάσω τι θα γίνω
312	313	Πικρός είναι ο πόνος μου
313	314	Ψεύτρα
314	315	Μπελαλής
315	316	Πολλές φορές
316	317	Νύχτωσε νύχτωσε
317	318	Καλόγρια
318	319	Αφήστε με να πιω
319	320	Παραπονιέσαι και μου λες
320	321	Χασάπη μου
321	322	Τα μούρα
322	323	Η Λιλή η σκανδαλιάρα
323	324	Εγώ είμαι για σένα
324	325	Γιατί είσαι πικραμένη
325	326	Μέσα στο Τουρκολίμανο
326	327	Ένα πληγωμένο χελιδόνι
327	328	Αιγιοτοπούλα
328	329	Τον άντρα σου και μένα
329	330	Αλέγκρο Παπαιωάννου
330	331	Γυρολόγοι
331	332	ΤΗΝ ΕΔΙΩΞΑ ΚΑΙ ΟΜΩΣ ΤΗΝ ΑΓΑΠΩ
332	333	Κάθε πρωί στην αγορά
333	334	Ηλιοβασιλέματα
334	335	Χωρίς εσένα δεν μπορώ
335	336	ΑΝΕΜΩΝΑ
336	337	Μάνα μου εσύ τα φταις
337	338	Νέο σόλο Παπαϊωάννου
338	339	Στερνή μου γνώση να σ' είχα πρώτα
339	340	Μη μου λες πως δεν με θέλεις
340	341	Αν δεν με θέλεις γι' άντρα σου
341	342	Κανείς δε βρέθηκε γιατρός
342	343	Αγάπη μου επικίνδυνη
343	344	Τομπουρλίκα
344	345	Δω στα λιανοχορταρούδια
345	346	Μάτια σαν και τα δικά σου
346	347	Αδικία
347	348	Καραμπιμπερίμ
348	349	Ο Κάβουρας
349	350	Μεσ' τη χασάπικη αγορά
350	351	Στους δρόμους γλέντια ακούγονται
351	352	Τριαντάφυλλα σπασμένα
352	353	Δυο φυλλαράκια δυόσμος
353	354	Όσο κι αν πονώ
354	355	Βλάμισσα
355	356	Μεσ' της Πεντέλης τα βουνά
356	357	Ο φασουλάς
357	358	Ως πότε ο μάγκας σου
358	359	Ρημαγμένη ζωή
359	360	Ούζο μορφίνη και χασίς
360	361	Κορδελιώτισσα
361	362	Απόψε αν θέλεις
362	363	Το φανταράκι
363	364	Μη μου παραπονιέσαι
364	365	Μια μελαχρινή
365	366	Κι αν είμαι φτωχαδάκι
366	367	Σου ‘χω πολλά ως τώρα μαζεμένα
367	368	Η μόνη μου παρηγοριά
368	369	Όταν ήρθα χθες το βράδυ
369	370	Έφταιξα συγχώρεσέ με
370	371	Μπράβο μπουζούκι μου
371	372	Στον ύπνο σου την έβλεπες
372	373	Παλιά μου αγάπη
373	374	Έλα - έλα
374	375	Γεια σου άντρα μου
375	376	Σαν Εγγλέζα να φερθείς
376	377	Πρώτη φορά  (τα ματια μου στα ματια σου)
377	378	Τα χανουμάκια (Χανούμια κολυμπάνε)
378	379	Είμαστε αλάνια
379	380	Αμαξά προσοχή
380	381	Ο Ζορμπάς
381	382	Αν θέλεις να με δεις γαμπρό
382	383	Δεν σε ρωτώ ποιά ήσουνα
383	384	Μόρτισσα κι αλάνης
384	385	ΜΕ ΞΥΠΝΑΣ ΧΑΡΑΜΑΤΑ
385	386	Παλαμάκια
386	387	Νησιώτισσες
387	388	Τα τσαγκαράκια
388	389	Η γάτα
389	390	Παιχνιδιαρα μου
390	391	Τί τη θέλεις την τσιγγάνα
391	392	Η Βαρβάρα
392	393	Σόλο ταξίμ
393	394	Ο Μάρκος ο Συριανός
394	395	Κακιά γειτόνισσα
395	396	Το τελευταίο δειλινό
396	397	Τα λεφτά
397	398	Είναι η δεύτερη φορά
398	399	Μάγκα μου συμμορφώσου πια
399	400	Σόλο Παπαϊωάννου
400	401	Αργιλέ μου παινεμένε
401	402	Φούρνος να μη καπνίσει
402	403	Χρόνια στο ποτήρι
403	404	Τα μάτια και τα μάγουλα
404	405	Ξελογιασμένη
405	406	Όλα σ’ αγαπάνε
406	407	Θέλω να πάψεις να γελάς
407	408	Πάλι μου κάνεις το βαρύ
408	409	Καλέ μου το παιδί (Το παιδί που είχες φίλο)
409	410	Σε ποιον το ντέρτι μου να πω
410	411	Τέτοια κούκλα και τσαχπίνα    (σκανδαλιαρα)
411	412	Τους παλιούς φίλους μην ξεχνάς
412	413	Για μια ξανθούλα
413	414	Το Παλαμήδι
414	415	Δεν παύει πια το στόμα σου
415	416	Ζωή καινούρια αρχίνησα
416	417	Η φωνή του αργιλέ (Πέντε χρόνια δικασμένος)
417	418	Φύγε δε σε θέλω πιά
418	419	Η πόρτα του φτωχού
419	420	Όλα καλά
420	421	Αυτή η νύχτα μένει
421	422	Γύρνα μόνος μες τη νύχτα
422	423	Μάχαιρα έδωσες
423	424	Ασυμόρφωτη
424	425	Σαν με κοιτούν
425	426	Τιμωρημένο φανταράκι
426	427	Βάρκα με πανί
427	428	Της κοινωνίας η διαφορά
428	429	Άνοιξε γιατί δεν αντέχω (Το παράθυρο κλεισμένο)
429	430	Η φωτιά
430	431	Βρε τύχη πως με τυραννάς
431	432	Σ' αγάπησα τσαχπίνα μου
432	433	Η μπελαλού
433	434	Σαν απόκληρος γυρίζω
434	435	Αγάπη που σκοτώνει
435	436	Το απόβραδο
436	437	Την πόρτα μη μου κλείνεις
437	438	Ψεύτισε πλέον ο ντουνιάς
438	439	Πονώ δεν με ρωτά κανείς
439	440	Μ έκανες και χώρισα
440	441	Έλα χανουμάκι μου
441	442	Ώπα ώπα
442	443	Το διαζύγιο
443	444	Μαύρη ζωή μικρούλα μου
444	445	Η ταμπακιέρα
445	446	Δεν θέλω πια να με κοιτάς
446	447	Απόψε είδα όνειρο (Το όνειρο)
447	448	Μπροστά στη θάλασσα
448	449	Σ' αυτόν τον κόσμο τον κακο
449	450	Ξανθιά τρελή γαλανομάτα
450	451	Δεν θέλουνε να σου μιλώ
451	452	σατραπισα– 1979
452	453	Παρηγόρα με μπουζούκι μου
453	454	Η γυναίκα που μ’ αρέσει
454	455	Είσαι η γυναίκα που γουστάρω
455	456	Μωρό μου   Στα δυο σου χέρια γερά κράτησέ με)
456	457	Κρυφά θα παντρευτούμε
457	458	Κακούργα άπονη (Μες την αθηνα τριγυρνάς)
458	459	ΖΗΛΕΥΩ ΤΑ ΠΟΥΛΙΑ
459	460	Μου είπαν να μη σ' αγαπώ
460	461	Η Δέσπω
461	462	Το μονοπάτι
462	463	ΘΑ ΔΈΣΩ ΤΑ ΚΑΡΆΒΙΑ
463	464	Βασανιστήριο είναι ο έρως
464	465	Στάσου
465	466	Στη ζωή μου έχω πληγωθεί
466	467	Η μάγισσα της Βαγδάτης
467	468	Τώρα γυρνάς στις γειτονιές
468	469	Μήλο μου και μανταρίνι
469	470	Μπουζούκι γλέντι του ντουνιά
470	471	Γιατί δε μας το λες (Μπουρνοβαλιό μανέ)
471	472	Άρχισαν τα όργανα
472	473	Αφού η μοίρα μ' έκανε φτωχή (Αν ήμουνα κορίτσι από τζάκι)
473	474	Ομορφοπαλικαρό μου
474	475	Αμάν Αννίτσα
475	476	Από κάτω απ' το ραδίκι
476	477	Στεναγμοί και χτυποκάρδια
477	478	ασ' τη να φυγει– 1984
478	479	Ο πασατέμπος
479	480	Τα ναυάγια
480	481	Δεν το 'πα το παράπονο
481	482	Ρίξε Τσιγγάνα τα χαρτιά
482	483	Ντόμινα Μαργαρώ
483	484	Μ’ άναψες καημό
484	485	Στρίβε ρε Καράμπελα
485	486	Μή μου φύγεις (Έχω παιδί στα σπλάχνα μου)
486	487	ΚΛΕΙΣΤΕ ΤΗΝ ΠΟΡΤΑ ΤΗΣ ΖΩΗΣ
487	488	Εναυάγησα στο πέλαγο
488	489	ΤΟ ΑΓΡΙΟΛΟΥΛΟΥΔΟ
489	490	Απόψε σε παντρεύουνε
490	491	Το παράπτωμα
491	492	Την κάπα μου την κρέμασα
492	493	Είδαν τα μάτια μου πολλά
493	494	Εγώ είμαι το μπεγλέρι σου
494	495	Δικάστε με, δικάστε με
495	496	Κατερίνα Θεσσαλονικιά
496	497	Μες στον τεκέ της Μαριγώς
497	498	Έχω ένα καφενέ
498	499	Στον τεκέ του Περδικάκη
499	500	Μαριγούλα Μανταλένα
500	501	Ναζιάρα μ' έχεις μπλέξει
501	502	Ένα λαχείο ζήταγα
502	503	Είναι η σκέψη μου τρελή  - 1971
503	504	Το έρημο σπιτάκι μας
504	505	Το Μεράκι
505	506	Μια βίλα 'γώ θα σου 'χτιζα
506	507	Θα χάσεις το κορίτσι σου
507	508	Ρίξε μου μια γλυκιά πενιά
508	509	Το σβηστό φανάρι
509	510	Δεν ξανακάνω φυλακή (Ο Καπετανάκης)
510	511	Βλέπε, άκου, μη μιλάς
511	512	ΖΙΓΚΟΥΑΛΑ
512	513	Μάνα μου τα λουλούδια μου
513	514	Πες μου το ναι
514	515	Γκρινιάρικο (Δε θέλω να ζηλεύεις)
515	516	Ο μισθός δεν φτάνει
516	517	Κάτω 'κει στη Δραπετσώνα
517	518	Ταταυλιανό ζεϊμπέκικο (ή Τρικαλινό ζεϊμπέκικο)
518	519	Σμυρνέικο μινόρε
519	520	Σ' αυτόν τον κόσμο δυστυχής
520	521	Ελληνική απόλαυσις
521	522	Μη μου θυμώνεις άνθρωπε
522	523	Στην απάνω σκάλα
523	524	Κίτρινη πόλη
524	525	Πυρετός (στη ζωή μου κάθε μια)
525	526	Το βρήκα να το
526	527	Να πας, να πας, να πας (Το διαζύγιο)
527	528	Τα βυζαντινά σου μάτια
528	529	Κλείσε τα μάτια σου     (πορτοκαλογλου)
529	530	Ο Τσιτσάνης στο Μόντε Κάρλο (Μια βραδιά στο Μόντε Κάρλο)
530	531	Χορέψετε χορέψετε
531	532	ΤΟ ΘΟΛΟΜΕΝΟ ΜΟΥ ΜΥΑΛΟ
532	533	Τώρα Μένω μόνος Μου
533	534	Της μπαμπέσας το φιλί
534	535	Σε πήραν απ' τα χέρια μου
535	536	Αυτά είναι τα γούστα μου
536	537	Τα δυο σου μάτια τα γλυκά
537	538	Αράπ ζεϊμπέκικο
538	539	Μια γυναίκα καταριέμαι
539	540	Μοναξιά και φτώχεια
540	541	Ένα τραγούδι πες μου ακόμα
541	542	Στης τρικυμιάς την παραζάλη
542	543	Του βλάμη το παράπονο
543	544	Σμυρνέικο Νανούρισμα- Μαργαριταρένια μου
544	545	Μονάχος μεσ’ τη μοναξιά
545	546	Δεν ρωτώ ποιά είσαι
546	547	Περιπλανώμενος
547	548	Μες την μπύρα του Γιαννάκη
548	549	Η μοδιστρούλα (Μια μοδιστρούλα αγαπώ)
549	550	Ο τζογαδόρος
550	551	Φίνα τα 'χεις καταφέρει
551	552	Ως πότε πιά τέτοια ζωή
552	553	Βράδια αγαπημένα
553	554	Θα τα σπάσω όλα
554	555	Τι έχεις και δεν μου μιλάς
555	556	Η Μαρίτσα η Σμυρνιά
556	557	Έλα κοντά μου
557	558	Εφτά τραγούδια θα σου πω
558	559	Το θύμα ο Νικολός
559	560	Η πιο μεγάλη ώρα είναι τώρα
560	561	Κόκκινο τριαντάφυλλο
561	562	Δεν είμαι εγώ το θύμα σου
562	563	Καθαρίζω για σένα και για πάρτη μου
563	564	Κούλα Φραγκοσυριανή
564	565	Δεν πειράζει
565	566	Προσευχή
566	567	Μάγκες κι αριστοκράτες
567	568	Η μανούλα
568	569	Ανδριώτισσα
569	570	Το κορίτσι θέλει θάλασσα
570	571	Φραγκοσυριανή
571	572	Το Mαργούδι κι ο Αλεξανδρής
572	573	ΤΑΞΙΜΙ ΚΑΡΣΛΙΛΑΜΑΣ
573	575	Γύρισε στη γυναίκα σου (Πάψε παράνομα να ζεις)
574	576	Ντόκτορ
575	577	Ας είν' καλά το γινάτι σου
576	578	Κάτσε καλά
577	579	Πάρε καρότσα
578	580	Καλογεράκι
579	581	Δεν σε θέλω πια
580	582	Το καράβι
581	583	Σκληρόκαρδη
582	584	Καλαμπακιώτισσα (Στην Καλαμπάκα μια βραδιά)
583	585	Δεν πρόκειται ποτέ να παντρευτώ
584	586	Δε με πονάς, δε μ’ αγαπάς
585	587	Μάνα μου Ελλάς     (τα ψευτικα τα λογια)
586	588	Μαριώ (Μαριγώ)
587	589	Ο μπαγλαμάς
588	590	Ας λυπηθούν οι φίλοι μου
589	591	Πονώ δεν με λυπάσαι
590	592	Λούλα μου
591	593	Ο πασάς (Ο πασάς με το σαρίκι)
592	594	Όσοι έχουνε πολλά λεφτά
593	595	Το μινόρε της αυγής
594	596	Αν κερδίσω το ΠΡΟ-ΠΟ
595	597	Τρικούβερτο
596	598	Κακούργα μάνα
597	599	Ο τεμπέλης
598	600	Σεβιλιάνες
599	601	Γλέντα με φως μου, γλέντα με
600	602	Ο Αντώνης ο βαρκάρης
601	603	Κατινάκι
602	604	Δυο Πειραιώτες μια βραδυά
603	605	Ο Τσιτσάνης στη ζούγκλα
604	606	Φεγγάρι μάγια μου κανες
605	607	Σαν δεν ήξευρες
606	608	Το κόκκινο σου το γοβάκι
607	609	Έχεις δίκιο
608	610	Ο ξενύχτης
609	611	Ο Αραμπατζής
610	612	Η Μποέμισσα (Γλέντι και μεθύσι)
611	613	Όταν πίνεις στην ταβέρνα
612	614	Χαμήλωσαν τα σύννεφα
613	615	Η μόδα
614	616	Κάν’ τονε, Σταύρο
615	617	Πάνε για πράσο
616	618	Τελειώσαμε λοιπόν και τι να πούμε  (Πάριος)
617	619	Μαζί σου εγώ που τα 'μπλεξα
618	620	Μυστικό να το 'χεις πρέπει
619	621	Μου πέρασε γιατρεύτηκα (Έμαθα να μην κλαίω πιά)
620	622	Μάγισσα
621	623	Πάμε στο Φάληρο
622	624	Το ζάρι (Για πες μου τι’ θελα)
623	625	Δε θέλω μάγκα μου
624	626	Μαγνητοφώνησα απόψε το φεγγάρι (νταλαρας)
625	627	Ο ξεμυαλισμένος
626	628	Ξενιτεμένοι
627	629	Κονιαλής
628	630	Ο Μάρκος υπουργός
629	631	Το κόκκινο μαντήλι
630	632	Τη θαλασσα τη γαλανή
631	633	Στερνό ηλιοβασίλεμα
632	634	Αργιλέ μου γιατί σβήνεις
633	635	Το κορίτσι απόψε θέλει
634	636	Ξεμυαλίστρα
635	637	Δεν υπάρχουν άγγελοι
636	638	Κακούργα άπονη
637	639	Ο ανάπηρος
638	640	Ανάθεμα τον αίτιο
639	641	Μυστικός έρως
640	642	Ο Μάρκος πολυτεχνίτης
641	643	Τέτοια ζωή
642	644	Είμαι παιδάκι έξυπνο
643	645	Τα δυο γλυκά ματάκια σου
644	646	Βάρκα μου μπογιατισμένη
645	647	Ξενύχτης
646	648	Τα αντράκια
647	649	Φαντασία (Κυκλοθυμικός χορός Τσίλα)
648	650	Μη με πεισματώνεις
649	651	Ο θάνατος του μπεκρή ( ο Περικλής)
650	652	Οι καλοί πεθαίνουν νέοι
651	653	Άδικα με κατηγορούν
652	654	Πάλι κι απόψε θα τα πιω
653	655	Πολίτικος χορός
654	656	Σε καινούρια βάρκα μπήκα
655	657	Σε μια μικρούλα
656	658	Στην ταβέρνα του Γιαρέπη
657	659	Ο καημός του χωρισμού (Παραπονιέμαι στο ντουνιά)
658	660	Σε καρτερούσα
659	661	πες πως μ’ αντάμωσες
660	662	Τα πάγια
661	663	Ζεϊμπεκάνο σπανιόλο (Ζούλα σε μια βάρκα μπήκα)
662	664	Το τρελλοκόριτσο (Τρελοκόριτσο)
663	665	Μου παρήγγειλε τ' αηδόνι
664	666	Ο σελέμης
665	667	Δουλεύω χρόνια θερμαστής
666	668	Ο μάγκας κάνει δυο δουλειές
667	669	Στον ίσκιο της φυλακής
668	670	Έχω τα πάντα βαρεθεί
669	671	Κάνε με το κρασί χωριό
670	672	Θέλω δυο λόγια να σου πω
671	673	Αραμπέλλα
672	674	Καταραμένη ξενητειά
673	675	Καινούρια νοιώθω τη ζωή
674	676	Ο ζηλιάρης
675	677	Παραπονιάρα
676	678	Τρελάδικο
677	679	Μαρόκο
678	680	Να σ αγαπώ ηνταθελα
679	681	Αγαπώ τα μαύρα μάτια
680	682	Το μπαρμπεράκι
681	683	Δυο όμορφες στην Κοκκινιά
682	684	Κιοτοπούλα
683	685	Τσιριγώτικος
684	686	Με πρόδωσες, με σκότωσες
685	687	Γέρασες και πια δε σ' αγαπώ
686	688	Έχεις δίκιο
687	689	Ο Θεός να σε φυλάει
688	690	Δεν είσαι πια γυναίκα μου
689	691	Μαζί σου ξεμυαλίστηκα
690	692	Πριν την αυγή
691	693	Μάτωσε, μάτωσε
692	694	Το Πασαλιμάνι (Μια νύχτα στο Πασαλιμάνι)
693	695	Απ' τη μέρα που'χεις φύγει
694	696	Τρελή που θέλεις να με στεφανώσεις
695	697	Μικρή μικρή σ' αγάπησα
696	698	Τα χώματα της ξενητειάς
697	699	Ξανθή Εβραιοπούλα
698	700	Καλογεράκι
699	701	Το ζουμπούλι
700	702	Αν καμιά φορά μπατίρω
701	703	ΓΥΡΙΖΩ ΑΠ' ΤΗ ΝΥΧΤΑ
702	704	Μες στην πολλή σκοτούρα μου
703	705	Κόρη μάγισσα
704	706	Μπάλος (Δεν ημπορώ να κλαίγω πια)
705	707	Όταν νυχτώνει σκέπτομαι (Αρρωστιάρικο μου σώμα)
706	708	Δεν τρέχει τίποτα
707	709	Οι φυλακές του Ωρωπού
708	710	Μέσα στης ζωής τα μονοπάτια (Γυρνώ σαν νυχτερίδα)
709	711	Στην Πλάκα που επήγαινα
710	712	Ο μπερμπάντης
711	713	Μ αυτά τα μάτια
712	714	Από ξένο τόπο
713	715	Ποιά να 'σαι
714	716	Το σκαλοπάτι σου
715	717	έλα   (Βάνου)
716	718	Πορτ Σάιντ και Σκεντερία
717	719	όταν σημάνει η ώρα
718	720	Ο καημός του ξενιτεμένου
719	721	Όλα για σένα κούκλα μου (Η ρουλέτα)
720	722	Το κουρασμένο βήμα σου
721	723	Ελένη μικροπαντρεμένη
722	724	Μισιρλού
723	725	Στα ταβερνιά θα τριγυρνώ
724	726	Φόρα τα μαύρα φόρα τα
725	727	Θέλω μάγκα με πολλά καράτια
726	728	Δίχως την καρδούλα σου
727	729	Ξεκινάει τ΄ αρχοντολόι
728	730	ΟΙ ΑΙΣΘΗΜΑΤΙΕΣ
729	731	Μόρτισσα χασικλού
730	732	Κατεργάρα
731	733	Στη σκέψη της τρελής
732	734	Τα δίστιχα του μάγκα - Σπαχάνης
733	735	Μην πικραίνεις την γυναίκα
734	736	Χωρίσαμε ένα δειλινό
735	737	Μάγκικο τα δυο σου μάτια
736	738	Μπρος γκρεμός και πίσω ρέμα
737	739	Στερνό μου γλυκοχάραμα
738	740	Μπαρμπαριά (Ένα τραγούδι τ' Αλγέρι)
739	741	Κατηφές
740	742	Ο Κωσταντής
741	743	Νεά Σμυρνιά (Σμυρνιά καμωματού)
742	744	Πάλι μου κάνουν προξενιά
743	745	Εσύ 'σαι τριαντάφυλλο
744	746	Ζεϊμπέκικο
745	747	Μεσ' την παγωνιά
746	748	Άτακτη
747	749	Ας μην ξημέρωνε ποτέ
748	750	Σανίδι σάπιο πάτησα
749	751	Καβαλιώτισσα
750	752	Μπαμπέσσα
751	753	Όχι δεν σε αγαπώ
752	754	Δείξτο το μαντήλι σου
753	755	Γιοβάν Τσαούς
754	756	Κάνε κουράγιο καρδιά μου
755	757	Στον Πειραιά συννέφιασε
756	758	Καπνουλούδες
757	759	Μια φουρτουνιασμένη νύχτα
758	760	Ψεύτικος ντουνιάς
759	761	Τα δειλινά    (εφυγες και πηγες μακρια)
760	762	Καροτσέρη τράβα
761	763	είν’ αρρώστια τα τραγούδια
762	764	Λόγια ανταλλάξαμε βαριά
763	765	Δεν με λυπάσαι άσπλαχνη
764	766	Η Μαργαρίτα η Μαργαρώ
765	767	Έλα να κάνεις νάνι νάνι
766	768	Πως βαστάς καρδιά
767	769	Το κάστρο της Αστροπαλιάς
768	770	Το τέλος μας δεν ξέρω
769	771	Ο επισκέπτης
770	772	Τα καράβια και τα τρένα
771	773	Ο κόσμος σήμερα
772	774	Αν περνάς κι αν δεν περνάς
773	775	Καρδιά παραπονιάρα
774	776	Παγκρατιώτισσά μου
775	777	Δεν θα' ρθω πια στην Κοκκινιά
776	778	Χωρίς τίτλο
777	779	Θα χαθώ μικρή μου
778	780	Το καλόπαιδο
779	781	Σαν πεθάνω (Ο φθισικός)
780	782	Κορίτσι άπονο
781	783	Αγαπω μια πιτσιρικα
782	784	Τσαγκαράκι
783	785	Πρέπει να μας πεις
784	786	Σάμπα μου ξηγιέσαι
785	787	Μανταλιώ ( Μανταλένα )
786	788	Αγιοθοδωρίτισσα
787	789	Τον άντρα της γυρεύει
788	790	Στο γάμο σου με κάλεσες
789	791	Το μωρό
790	792	Στης πλάκας τα στενάκια
791	793	Αρρώστησα μανούλα μου
792	794	Ξανθή κουκλίτσα
793	795	Τι θέλει ο κουμπάρος
794	796	Οι ομορφιές του Πειραιά
795	797	Δεν είμαι εγώ ο Γιώργος σου (Το Γιωργάκη σου ξεχνάς)
796	798	Το μπουζούκι μου σαν κλαίει
797	799	Ο γλεντζές
798	800	Δυό φορές μ' έχεις γελάσει
799	801	Στου Μπεζεστένη την αυλή
800	802	ΟΠΟΙΑ ΚΑΙ ΝΑ ΣΑΙ
801	803	Ο όρκος
802	804	Έλα δώσε
803	805	Πάλι δικό σου κάνε με
804	806	Πεισματάρα
805	807	Γλέντα μη στεναχωριέσαι
806	808	Χριστίνα
807	809	Κορίτσι μου όλα για σένα
808	810	Μια γυναίκα μπορεί
809	811	Αρχόντισσα
810	812	Σύρε μάνα πες στο Γιάννη
811	813	Όλα τα 'χω βαρεθεί (Είμαι παιδάκι με ψυχή)
812	814	Καραβοτσακίσματα
813	815	Νοσταλγία (Ρίξε την καρδιά σου στο γιαλό)
814	816	Έννοια σου, έννοια σου
815	817	Μου 'φαγες τα δαχτυλίδια
816	818	ΜΕΣΑΝΥΧΤΑ ΠΟΥ ΝΑ ΣΕ ΒΡΩ
817	819	Μπαχριέ
818	820	ΟΣΗ ΓΛΥΚΑ ΕΧΟΥΝΕ ΤΑ ΧΕΙΛΗ ΣΟΥ
819	821	Ότι άναψε θα σβήσει
820	822	Σε λαχτάρησα αργιλέ μου
821	823	Η αιτία θα 'σαι συ (ποταμός)
822	824	Ο βραδύπορος
823	825	Συριανή
824	826	Παράπονο
825	827	Να σε πάρει το ποτάμι
826	828	Πάλι σε βλέπω σκεφτικό
827	829	Πάντα σου 'κανα τα κέφια (Άπονη σκληρή γυναίκα)
828	830	Δεν ξέρω τι γυρεύεις
829	831	Το 'φαγες το παιδί
830	832	Μπιρ Αλλάχ
831	833	Η Παναγιώτα
832	834	Γιατί είσαι παντρεμένος (Ο παντρεμένος)
833	835	Πέντε μάγκες στον Περαία
834	836	Σκληρή γυναίκα
835	837	Η Κλωστηρού
836	838	Πάρε πιστόλι πιο καλά
837	839	Τώρα που 'χεις παραδάκια
838	840	Καπετάν Μαϊμού
839	841	Ο μπακαράς ( Με ζουρνάδες και νταούλια )
840	842	Όπως ραγίζει το γυαλί
841	843	Θέλω σπίτι και λεφτά
842	844	Άιντε μάτια μου γλυκά
843	845	Το δικό σου αμάρτημα
844	846	Μη μου μιλάς με μάσκα (Μην είσαι ψεύτρα δίγνωμη) (Τί κι αν φορώ τραγιάσκα)
845	847	Μέσα σε χίλια βάσανα
846	848	ο τρελός
847	849	Η Αγιά Σοφιά (Σαν τα μάρμαρα της Πόλης)
848	850	Του χωρισμού η μαχαιριά
849	851	Γλέντα απόψε τον καημό σου  -1984
850	852	Αλανιάρα σεβνταλού
851	853	Μέσα στου Μάνθου τον τεκέ
852	854	ΔΕΝ ΘΑ ΞΑΝΑΓΑΠΗΣΩ (ΤΟ ΜΕΡΤΙΚΟ ΜΟΥ)
853	855	Καλή τύχη
854	856	Ξημέρωσε ξημέρωσε
855	857	Στον Άγιο Κωνσταντίνο
856	858	Άντε χθες το βράδυ στου Καρίπη
857	859	Η Κρυστάλλω
858	860	Ως τα πέρατα του κόσμου
859	861	Κρουαζιέρα στη σελήνη
860	862	Γόησσα ξανθια
861	863	Θέλω να είναι Κυριακή (Κυριακή σε γνώρισα, Κυριακή σε χάνω)
862	864	Έχω βαθειά τον πόνο
863	865	Πήρα το δρόμο τον κακό
864	866	πάρτε με χελιδονακια – 1972
865	867	Σ' ένα απόκρημνο ακρογιάλι
866	868	Νύχτες ολόκληρες περνώ
867	869	Τσιγγάνα ρίξε τα χαρτιά
868	870	Κακούργα Ποδαριώτισσα
869	871	Λα Μινόρε σε πέντε όγδοα
870	872	Με φωνάζουνε αλήτη (Χαμένο κορμί)
871	873	Αγάπησα και μίσησα
872	874	Στα μάτια σου αιχμάλωτος
873	875	Η μετανιωμένη
874	876	Μ’ έκοψαν με χώρισαν στα δυο
875	877	Μια γαλανοματα στην Αθήνα
876	878	Ραστ του τεκέ
877	879	Με τις μυρωδιές σου
878	880	Δύο κορμάκια ενωμένα
879	881	Έλα μη μ’ αφήνεις μόνο μου
880	882	Βασιλική
881	883	Σαν τα μάρμαρα της Πόλης
882	884	Στο σταυροδρόμι
883	885	Χριστέ και Παναγία μου
884	886	Μάγισσα που γνώρισες πολλά
885	887	Γιατί να κάθεσαι να λες
886	888	Θα βρω μιαν άλλη με καρδιά
887	889	το κατσαρό σου το μαλλί
888	890	Το δώρο που σου έκανα
889	891	Το ζάρι (Είναι η κάθε μας αγάπη)
890	892	Φοβάμαι μη σε χάσω (Πώς θα περάσει η βραδιά)
891	893	Χασάπικο λατέρνας
892	894	Λύστε κάβο
893	895	Συννεφιές
894	896	ΠΟΥ ΝΑ ΠΗΓΕ ΤΟΣΗ ΑΓΑΠΗ
895	897	Καρδιά παραπονιάρα
896	898	Τσιγγάνικη μελωδία
897	899	Για σταματήστε μουσικοί
898	900	Δεν ξαναπαίζω ζάρια
899	901	Δυο σεβντάδες
900	902	Δυο φορές σε πίστεψα
901	903	Κλαίω απαρηγόρητα
902	904	Μας κυνηγούν τον ναργιλέ
903	905	Όπου ντερβίσης χασικλής
904	906	Μάνα μου μη με τυραννάς
905	907	Ας παν στην ευχή τα παλιά
906	908	Σκάλα τη σκάλα θ' ανεβώ
907	909	Πάμε απόψε με βαρκούλα
908	910	Βλαχοπούλα (Με' σε ρουμάνια δροσερά)
909	911	Με μια μονάχα σου ματιά
910	912	Τούτο το καλοκαιράκι
911	913	Η Βολιώτισσα
912	914	Η Κρίσις
913	915	Γαργαλιστικός χορός
914	916	Μαντήλι καλαματιανό
915	917	Ο φυλακισμένος (Τέσσερα χρόνια φυλακή)
916	918	Τα μάτια σου τ' αράπικα
917	919	Κορόιδο
918	920	Αντιλαλούν οι φυλακές
919	921	Παράπονο (Η ξενιτιά)
920	922	Ξανθειά Μοδιστρούλα (Τις άλλες έμπλεξα και ‘γω)
921	923	Θα τα κάψω τα λεφτά μου
922	924	Σεράχ
923	925	Παλιοκόριτσο με πήρες στο λαιμό σου
924	926	Στου Μάρκου το κουτούκι (Σόλο χασάπικο)
925	927	Μες στου Νικήτα τον τεκέ
926	928	Το φτωχομπούζουκό
927	929	Ανατολή
928	930	Τούτ' οι μπάτσοι που 'ρθαν τώρα
929	931	Σ' όλους τους συνοικισμούς
930	932	Γλεντήσατε νέοι τα νιάτα σας
931	933	Τόσα χρόνια σ έχω στα δικά μου χέρια
932	934	Μεσ' στου Μαρίνου
933	935	Ξυπνώ και βλέπω σίδερα (Τα μάνταλα)
934	936	ΝΑΖΙΑΡΑ
935	937	Βρε μοίρα δε κουράστηκες
936	938	Ήμουνα κάποτε κι εγώ
937	939	Η αχλάδα έχει πίσω την ουρά της
938	940	Έτσι είναι η  ζωή
939	941	Τα παιδιά της γειτονιάς σου
940	942	Κυρα Γιώργαινα
941	943	Μη μου λες να παντρευτώ
942	944	Η γκαρσόνα
943	945	Μητέρα Αχ! μητέρα
944	946	Ειρηνάκι
945	947	Αλανιάρα και παραλυμένη
946	948	Έλα να πάμε σ’ ένα μέρος
947	949	Το σακάκι
948	950	Πεισματάρα
949	951	ΚΑΝΕΙΣ ΔΕΝ ΕΝΙΩΣΕ ΤΟΝ ΠΟΝΟ ΜΟΥ    (ΕΨΑΞΑ ΑΔΙΚΑ ΝΑ ΒΡΩ)
950	952	Σε φίνο ακρογιάλι ( Παραγουάη )
951	953	Ζωντανό με κλάψανε
952	954	Ο μπεκρής
953	955	Ένας διαβάτης
954	956	Μοίρα με καταδίκασες
955	957	ΚΑΠΟΙΑ ΣΤΑ ΥΔΡΑΙΙΚΑ
956	958	Το συχνοπέρασμα
957	959	σαν σβησμένο καρβουνάκι
958	960	Θα γυρίσεις, θα 'ρθεις πάλι πίσω
959	961	Το στερνό μου το κρεβάτι (Στα έλατα στην ερημιά)
960	962	Μάνα όπου με γέννησες
961	963	Έχουν καρδιά και οι φτωχοί
962	964	Η ρεζέρβα
963	965	Τα πονεμένα δειλινά
964	966	Η παλιοπαρέα  (Και τα ρούτα ρούτα ρούτα ρουτάμ ταμ τα τραμ)
965	967	Ταξίμ Παπαιωάννου
966	968	Αρρώστησα στα ξένα μακριά σου
967	969	Να ‘χα εκατό καρδιές  (να χα χιλια ματια)
968	970	Σαν μαγεμένο το μυαλό μου
969	971	Στρώσε μου να κοιμηθώ
970	972	Μέσα στα ξένα έρημος
971	973	Όταν σε πρωτογνώρισα (Μια Κυριακή σε γνώρισα)
972	974	Δε θέλω πλούτη και λεφτά
973	975	Πες μου ποιος είναι ο πόνος σου
974	976	Μονά ζυγά
975	977	Το μυστικό
976	978	Το φτωχόπαιδο
977	979	Ταξίμ Σέρφ
978	980	Μανάκι μου
979	981	Δύο ψέματα
980	982	Άσχημες πληροφορίες
981	983	Άμαν Κατερίνα μου
982	984	Μαυροφόρα
983	985	Παίξε Χρήστο το μπουζούκι
984	986	Εσύ θα μετανοιώσεις
985	987	Στου Αλευρά τη μάντρα
986	988	Γεια σας φανταράκια μας
987	989	Μελαχροινούλα
988	990	Η κόρη του παπά
989	991	Πλανεύτρα
990	992	Φέρτε πρέζα να πρεζάρω
991	993	Άννα μου
992	994	Γύρνα στη ζωή την πρώτη (Πατριώτη - πατριώτη)
993	995	Όσο είσαι μακριά μου (Γύρνα πάλι γύρνα)
994	996	Βαρκάρη τραβά το κουπί
995	997	Ζωή ειν' αυτή Ζωίτσα μου
996	998	Εσύ που με ξεμυάλισες
997	999	Η καινούργια φιλενάδα
998	1000	Τριγκ-τριγκ τα ποτηράκια
999	1001	Έλα και θα καλοπεράσεις
1000	1002	Στα ξένα μ´ άφησες
1001	1003	Ένα βραδάκι σαν δε σε δω
1002	1004	Η πλημμύρα
1003	1005	Είναι κακούργα η ξενιτιά
1004	1006	Έχω μεράκι έχω νταλγκά
1005	1007	Μαρικάκι
1006	1008	Της ταβέρνας το ρολόι
1007	1009	Λίγα ψίχουλα αγάπης
1008	1010	Φτωχό κορμί
1009	1011	Ο Ζέπος (Ψαροπούλα)
1010	1012	Το μπουζούκι  του  Νικόλα
1011	1013	Το ξέρουνε στην Κοκκινιά
1012	1014	Για το γινάτι σου μωρή
1013	1015	Δυο αδελφούλες στο βουνό
1014	1016	Τσερκές
1015	1017	Καρδιά πληγωμένη
1016	1018	Με μπέρδεψαν τα μάτια σου
1017	1019	Είμαστε ζευγάρι φίνο
1018	1020	Κάτσε να πιούμε ένα κρασί
1019	1021	Ο πραματευτής
1020	1022	Στο κάτω κάτω της γραφής
1021	1023	Η μικρούλα
1022	1024	Τρεις στο λάδι, τρεις στο ξύδι
1023	1025	Η φυλακή είναι σχολείο
1024	1026	Η μάνα σου θα τα πληρώσει
1025	1027	Με πιάνουνε ζαλάδες
1026	1028	Ο  ΜΠΑΡΜΠΑ  ΓΙΑΝΝΗΣ
1027	1029	Πλήγωσε με όσο θέλεις
1028	1030	Η κορδέλα
1029	1031	Νίτσα Ελενίτσα
1030	1032	Το πέρασμα
1031	1033	Θα φύγω και θα με ζητάς
1032	1034	Μινόρε του τεκέ
1033	1035	Σ' άλλους δρόμους θα βαδίσω
1034	1036	Όλο ψέμματα μου λες
1035	1037	Ο ανεμόμυλος
1036	1038	Όνειρο ήταν οι νύχτες
1037	1039	Τέτοια ζωή με βάσανα
1038	1040	Τα μάτια σου μικρούλα μου
1039	1041	Είσαι δεν είσαι δεκαεννέα
1040	1042	Εσύ μου πήρες τη χαρά (Ετούτα είναι βάσανα)
1041	1043	Αν μ' αγαπούσες όσο σ' αγαπώ
1042	1044	Απ' τη μάνα μου διωγμένος
1043	1045	Με ξέχασες
1044	1046	Βγάλε τη μάσκα
1045	1047	Το τραμ το τελευταίο
1046	1048	Σε γελάσανε
1047	1049	Μάγκας σεβνταλής
1048	1050	Ο δερβίσης
1049	1051	θα κάνω ό,τι μου αρέσει, τελικά.
1050	1052	Είμαι πρεζάκιας
1051	1053	Δυο μάγκες μες στη φυλακή
1052	1054	Απτάλικο - Ζεϊμπέκικο
1053	1055	Δεν μ' ωφελεί ο κόσμος πια
1054	1056	Αν φύγουμε στον πόλεμο
1055	1057	Για να ξέρεις αλανιάρη
1056	1058	Το καφεδάκι
1057	1059	Ζωίτσα μου
1058	1060	Ζωή μου φαρμακώθηκες
1059	1061	Όλα σε θυμίζουν
1060	1062	Λαρισινή
1061	1063	Είμαστε φίλοι
1062	1064	Επόνεσα πολύ
1063	1065	Μάνα έχει την Ελλάδα
1064	1066	Την ομορφιά σου έχασες (Ο καθρέφτης)
1065	1067	Στης Αρετούσας τη σπηλιά
1066	1068	Τα λεφτά σου δεν τα θέλω
1067	1069	Το Μπουζούκι Του Νικόλα
1068	1070	Όταν θα σμίξεις μ' αυτόν που θ' αγαπήσεις
1069	1071	Η ΔΟΥΛΕΙΑ ΚΑΝΕΙ ΤΟΥΣ ΑΝΤΡΕΣ       (ΤΟ ΠΛΑΣΤΟ ΤΟ ΠΑΣΑΠΟΡΤΙ)
1070	1072	Γειτόνισσα
1071	1073	Το τραγούδι της αγάπης
1072	1074	Έπεσα έξω
1073	1075	πληγωμένο περιστερι – 1982
1074	1076	Έλα λοιπόν μη σκέπτεσαι
1075	1077	Η Στελίτσα (Τσακιτζής)
1076	1078	Το βασανάκι
1077	1079	Μη με ρωτάς
1078	1080	Όπου Γιώργος και μάλαμα
1079	1081	Ο παπατζής
1080	1082	Πού θα με πας
1081	1083	Γι' αυτά τα μαύρα μάτια σου
1082	1084	Αγαπούλα μου Οκ
1083	1085	Θέλω κρασί πολύ να πιω (Ένας σατράπης θηλυκός)
1084	1086	Γυναίκα είναι γυναίκα μένει
1085	1087	Πιά δε με γελάς
1086	1088	Σαν το τσιγάρο σου με καις
1087	1089	Τσίκο
1088	1090	Βάρκα θα σκαρώσω
1089	1091	Ο πειρασμός
1090	1092	Πάλι θα σμίξουμε
1091	1093	Καλλιοπάκι (Απ τόν καημό σου)
1092	1094	Δεν είμαι εγώ για σένα
1093	1095	Νησιωτοπούλα
1094	1096	Δεν σε θέλω βρε γκρινιάρα
1095	1097	Φτωχόπαιδο
1096	1098	Τώρα που 'χεις παραδάκια
1097	1099	Πήγαινε μάνα
1098	1100	Δώσε μου το στόμα σου  (σαν χελιδονακι)
1099	1101	Οι φιλενάδες
1100	1102	Μ' αφήνεις δίχως να σκεφθείς
1101	1103	Το χρήμα δεν το λογαριάζω
1102	1104	Με παράσυρε το ρέμα
1103	1105	Αφότου μ' απαρνήθηκες (Λόγια σου λεν οι φίλοι μου)
1104	1106	Πάρε το δάκρυ μου βοριά
1105	1107	Το δίχτυ
1106	1108	Είναι αργά
1107	1109	Όσο με μαλώνεις
1108	1110	σκιά που σερνομαι – 1987
1109	1111	Να 'χεις χάρη που σ' αγαπώ (Το δικό σου το μαράζι)
1110	1112	Χάιντε βοσκοπούλα
1111	1113	Κατινάκι μου για σένα
1112	1114	Το μπουζούκι στο Παρίσι
1113	1115	Θέλω να ξέρω κούκλα μου
1114	1116	Τι σε μέλλει εσένανε
1115	1117	Άνοιξε Πέτρο
1116	1118	Καστανή μικρούλα
1117	1119	Μη μ' αρνηθείς μικρούλα μου
1118	1120	Σμαράγδια και ρουμπίνια
1119	1121	Το Αρζάν
1120	1122	Παντρεύεται στα ξένα
1121	1123	Εβίβα ρεμπέτες
1122	1124	Ο Παναής
1123	1125	Αγοροκοριτσάρα μου
1124	1126	Ακρογιαλιές δειλινά
1125	1127	Δυο ξεχασμένα γράμματα
1126	1128	ΟΛΑ ΤΑ ΔΥΣΚΟΛΑ
1127	1129	ΤΑ ΡΟΖΙΑΣΜΕΝΑ ΧΕΡΙΑ
1128	1130	Ψυχή μοβόρα
1129	1131	Το ξενιτεμένο (κάθε βράδυ στις ταβέρνες)
1130	1132	Νύχτωσε χωρίς φεγγάρι
1131	1133	Γιατί να φύγεις μακριά
1132	1134	Οι ομολογίες
1133	1135	Μπάλος μαστίχα (Καλέ συ παναγιά)
1134	1136	Δέκα οχτώ χρονών κοπέλλα
1135	1137	Δε με κατάλαβες ποτέ
1136	1138	Μια γυναίκα δυο άντρες
1137	1139	Το χωριατόπουλο
1138	1140	Αθηναίος σεβνταλής
1139	1141	Βαγγελίτσα
1140	1142	Για σένα μαυρομάτα μου
1141	1143	Μπαρμπαούζος
1142	1144	Της μοναξιάς ο πόνος
1143	1145	Η λιτανεία του μάγκα
1144	1146	Οποιος αγάπησε
1145	1147	Τ' άδικο ο Θεός δε θέλει
1146	1148	Ζητιάνος
1147	1149	Μ' έχεις κάνει σαν κουρέλι (Οι φίλοι με παράτησαν)
1148	1150	Παραπονιάρικό μου
1149	1151	Φτιάξε μου ένα καφέ
1150	1152	Ο μαστραπάς
1151	1153	Διώξε με μάνα, διώξε με
1152	1154	Γλυκέ μου τύραννε
1153	1155	Πέραμα Σαλαμίνα
1154	1156	Τώρα κλαις  ( ΘΑ ΣΟΥ ΦΥΓΩ)
1155	1157	Το βαπόρι απ’ την Περσία
1156	1158	Όσοι γυρνούν τις θάλασσες
1157	1159	Το μεγάλο ψάρι
1158	1160	δυστυχώς
1159	1161	Νυχτοπούλι (Λίγη αγάπη σου ζητώ)
1160	1162	Πάρε το μπογαλάκι σου
1161	1163	Το μαγικό σου σκέρτσο
1162	1164	Ωραία Θεσσαλονικιά
1163	1165	Μια σιδερένια κλειδαριά
1164	1166	Βρε μάγκα σπάσε
1165	1167	ΤΟ ΠΕΛΑΓΟ ΕΙΝΑΙ ΒΑΘΥ
1166	1168	Της μάνας η καρδιά
1167	1169	Αρχόντισσα
1168	1170	Είμαι αγόρι και δεν κάνει
1169	1171	Μαρόκο
1170	1172	Μπράβο για την μαστοριά σου
1171	1173	Μάγκικο μελαχρινό  (Νόστιμο τρελό μικρό μου, μάγκικο μελαχρινό μου)
1172	1174	Ο καψούρης
1173	1175	ο βλάμης του Ψυρρή
1174	1176	Από την πόρτα σου περνώ
1175	1177	Μες τους ποδαράδες
1176	1178	Δέκα φορές μπατίρησα
1177	1179	ΒΡΑΔΙΑΖΕΙ
1178	1180	Νέοι χασικλήδες (Έμαθα πως είσαι μάγκας) (Έμαθα πως παίζεις ζάρια)
1179	1181	Το σήμερα χειρότερο απ' το χτες
1180	1182	Πρώτο Φθινόπωρο
1181	1183	Κασαμπαλιώτικο ζεϊμπέκικο
1182	1184	Συρτό πολιτικό
1183	1185	Καινούργια αγάπη
1184	1186	Στο λόφο του Σκουζέ
1185	1187	Για σένα ξενυχτώ
1186	1188	Απ' όσες κι αν εγνώρισα
1187	1189	Το παιχνίδι του Αμερικάνου
1188	1190	Ο ασίκης
1189	1191	Διθέσιο
1190	1192	Σε ζηλεύω σε πονώ
1191	1193	ΣΑΚΑΙΝΑ
1192	1194	Έξω ντέρτια και καημοί
1193	1195	48 χιλιάρικα
1194	1196	Παραπονιάρης νταβατζής
1195	1197	Σαν έρημο πουλάκι
1196	1198	Για μια γυναίκα στη ζωή
1197	1199	Αλα Τούρκα χόρεψέ μου
1198	1200	Χαρικλάκι
1199	1201	απόψε σιωπηλοί  (Παπάζογλου)
1200	1202	Γυφτοπούλα στο χαμάμ
1201	1203	Τι το θελα να μπλέξω
1202	1204	Νησιώτισσα
1203	1205	Όσα δεν φτάνει η αλεπού (Ο ζηλιαρης)
1204	1206	Σου 'χα χαρίσει την καρδιά
1205	1207	Ο Μάρκος κάνει σαρμάκο
1206	1208	Η συνοικία μου
1207	1209	Εμένα μην με κλαις
1208	1210	Καλύτερα σ' ένα κελί
1209	1211	Δε σ’ αδικώ
1210	1212	Ζωΐτσα μου (Χίλιες γυναίκες γνώρισα)
1211	1213	Ίσως αύριο
1212	1214	Είμαι κόκκορας κεφάτος
1213	1215	Εργάτης τιμημένος
1214	1216	Η παλιοκοινωνία
1215	1217	Ξελογιάστρα
1216	1218	Χριστίνα
1217	1219	Πάλι παραπονεμένη
1218	1220	Μπαρμπουνάρα
1219	1221	Γεια σου καπετάνισσα
1220	1222	Πλακιώτισσα
1221	1223	Γεια σου Λόλα μερακλού
1222	1224	Ο ψαράς
1223	1225	Γεννήθηκα για να πονώ
1224	1226	Αφού γυρίζει η σφαίρα
1225	1227	Έμπα στ' αμάξι
1226	1228	Μέγαρα και πολυκατοικίες
1227	1229	Πεισματάρικο
1228	1230	Το κορίτσι που 'χει φίλο ναυτικό
1229	1231	Αλέγκρο μπουζούκι
1230	1232	Δεν σε θέλω, δεν σε θέλω
1231	1233	Απόψε θα περάσω
1232	1234	Απόψε μ' εγκατέλειψες
1233	1235	Σερβικάκι
1234	1236	Το Φροσάκι
1235	1237	Ποιός δεν έκλαψε στα ξένα
1236	1238	Εάν δεν ήσουν φθισικιά
1237	1239	Η μάνα του ναύτη
1238	1240	Η εβδομάδα
1239	1241	Μποέμισσα
1240	1242	Δεν θέλω το κακό σου (Οι βαλίτσες)
1241	1243	Το φιλί δεν είναι κρίμα
1242	1244	Έτσι είν’ οι ανθρώποι
1243	1245	Μάρω (Έλα στο λιμάνι)
1244	1246	Πονεμένη καρδιά (Σαν είχες άλλο στη καρδιά)
1245	1247	Η καταιγίδα
1246	1248	Καράβι καραβάκι
1247	1249	Ένα ταξίδι είν' η ζωή
1248	1250	Παίζει το μπαγλαμαδάκι
1249	1251	Ο γυρισμός (Τον ερχομό σου περιμένω)
1250	1252	Όμορφη Σμυρνιά
1251	1253	Γκιουζέλ Χασάπ
1252	1254	Παπούτσια από τον τόπο σου
1253	1255	Γιατί σκληρή και άπονη
1254	1256	Ο ζωντανός ο χωρισμός
1255	1257	Θέλω σπαθί να μου ξηγιέσαι
1256	1258	Από σένα τι ζηλεύω
1257	1259	Αχάριστε κόσμε και ντουνιά
1258	1260	Η μαύρη φορεσιά
1259	1261	Είσαι αριστοκράτισσα
1260	1262	Θεσσαλονίκη  (εκτός από τη μάνα σου κανείς δε σε θυμάται)
1261	1263	Καρδιά ορφανή
1262	1264	Σε ξέχασα δε σ' αγαπώ
1263	1265	Πώς πέρασαν τα χρόνια (Τα χαρτόνια)
1264	1266	Με σκότωσε γιατί την αγαπούσα
1265	1267	Θα δω και τα χαιρια σου
1266	1268	Το μεράκι της καρδιάς μου
1267	1269	Μες στου Βάβουλα τη γούβα
1268	1270	Σ' ορκίζομαι στο κύμα
1269	1271	Ένοχο με φωνάζουν
1270	1272	Ο πασάς
1271	1273	Καλόγερος ( Βαρέθηκα τις γκόμενες )
1272	1274	Γιαλό γιαλό
1273	1275	Στο ζητάω για χατήρι
1274	1276	Συννεφιασμένη και βαριά
1275	1277	Είναι ευτυχής ο άνθρωπος
1276	1278	Καροτσέρης
1277	1279	Ο κόσμος έγινε για μας
1278	1280	Κατάστρεψες τα νιάτα μου
1279	1281	Ανάθεμά σε θάλασσα
1280	1282	Θλιμμένο δειλινό
1281	1283	Μάτια μου, μάτια μου  (ανεβηκα την σκαλα )
1282	1284	Παπαδομάνα
1283	1285	Ο Μάρκος μαθητής
1284	1286	Έχω μια δίψα
1285	1287	Φουστάνι βυσσινί
1286	1288	Φίνα θα την περνάμε
1287	1289	Ρεμπέτης
1288	1290	Σύρε να πεις της μάνας σου
1289	1291	Πέτρα θα κάνω την καρδιά
1290	1292	Το ναυτάκι
1291	1293	Έννοια σου και θα μου το πληρώσεις
1292	1294	Ο Μανώλης ο χασικλής
1293	1295	Του ψαρά ο γιος
1294	1296	Δείρε με και μάλωσέ με
1295	1297	Βοτάνι δεν υπάρχει πια
1296	1298	Φτώχεια που σέρνεις τον πόνο
1297	1299	Μπράβο σου πώς με δουλεύεις
1298	1300	Ο Μυλωνάς
1299	1301	Η ξανθειά
1300	1302	Έχε γεια Παναγιά
1301	1303	Στης Καλλιρόης το ρέμα
1302	1304	Γιαφ γιουφ
1303	1305	Γεια σου καΐκι μου Αϊ-Νικόλα
1304	1306	Πες μου αν με βαρέθηκες
1305	1307	Διαμάντω αλανιάρα
1306	1308	Μπαμ
1307	1309	Μη σε μέλει μαυρομάτα
1308	1310	Ο κόσμος απ' τη ζήλεια του
1309	1311	Μαζί μου δεν ταιριάζεις (Δεν θέλω τα ματάκια σου)
1310	1312	Μυστήριο ζεϊμπέκικο
1311	1313	Η Βαρβάρα Χατζηχρήστος
1312	1314	Το κοριτσάκι μου (Για κοίταξε βρε κόσμε)
1313	1315	Θα κάνω ντου βρε πονηρή
1314	1316	Βόλτα στην Ελλάδα
1315	1317	Τικ τακ
1316	1318	Είν’ αδικία, είν’ αδικία.
1317	1319	Της καρδιάς το τικ τακ
1318	1320	Τσακιτζής
1319	1321	ΑΠΟΝΕΣ ΕΞΟΥΣΙΕΣ
1320	1322	Πολίτισσα (Βαρέθηκα να σ’ αγαπώ)
1321	1323	Διώξε με - διώξε με (Ζωή γεμάτη βάσανα)
1322	1324	Δεν είσαι εσύ για μένα
1323	1325	Είσαι αφράτη σαν φρατζόλα
1324	1326	Για κοίτα κόσμε
1325	1327	Λυγαριά  (κορη καραβοκυρη)
1326	1328	Μικρός αρραβωνιάστηκα
1327	1329	Αφού Μ αρέσει να γυρνώ
1328	1330	Το μπουζουκάκι
1329	1331	Δως μου την καρδιά μου πίσω
1330	1332	Μ' έμπλεξες βρε πονηρή
1331	1333	Τα νιάτα μου δεν χάρηκα
1332	1334	Βλέπω παράθυρα κλειστά
1333	1335	Το ξεκρέμασα απόψε
1334	1336	Αραπίνα μου σκερτσόζα
1335	1337	Κάνε λίγο το κορόιδο
1336	1338	Απόψε θα ρθω να στα ψάλω
1337	1339	Γιατί θες να φύγεις
1338	1340	Αστέρι μου φεγγάρι μου (Φαίδρα αγάπη μου)
1339	1341	Στενοχώρια και ποτό
1340	1342	Γειά σου Γιάννη
1341	1343	Μη σε πλανέψουν τα λεφτά
1342	1344	Τα ματάκια σου τα δυο
1343	1345	Δεν θέλω να ξενιτευτείς
1344	1346	Καλογριά θε να γίνω
1345	1347	Ματώνουνε τα στήθια μου
1346	1348	ΤΟ ΣΥΣΤΗΜΑ ΕΙΝΑΙ ΕΝΟΧΟ
1347	1349	Οι τρεις καβαλάρηδες
1348	1350	Μάνα με μαχαιρώσανε
1349	1351	Λειώνω μυστικά
1350	1352	Για μια Κουτσουκαριώτισσα
1351	1353	Απόψε είσαι για φιλί
1352	1354	Το βουνό
1353	1355	Ζητώ παντού ο καημένος
1354	1356	Μια και η ζωή θα σβήσει (Θα τη γλεντήσω τη ζωή)
1355	1357	Η φωτιά που 'χεις ανάψει (Ραμπί-Ραμπί)
1356	1358	Πίστεψέ με παιχνιδιάρα
1357	1359	Στο καφέ αμάν
1358	1360	Ο χωρισμός που μάντεψες
1359	1361	Έκρυψα το πρόσωπό μου
1360	1362	Μέσα στη βαρυχειμωνιά (ο καστανάς)
1361	1363	Σούρουπο με συννεφιά
1362	1364	Πάνε τα παλιά
1363	1365	Λινάρδου την ταβέρνα
1364	1366	Παρεξήγηση
1365	1367	Ποιός είμαι δε θυμάσαι
1366	1368	Άδικα-άδικα
1367	1369	Το πορτοφόλι
1368	1370	Βαρύς καημός
1369	1371	Μη μου ξαναφύγεις πια
1370	1372	Το όγδοο θαύμα
1371	1373	Γερακίνα
1372	1374	Τι θα γίνω εγώ χωρίς εσένα
1373	1375	Το λάθος μου αισθάνομαι (Μη με παραξηγήσετε)
1374	1376	Αυτούς τους αναστεναγμούς
1375	1377	Θα πάω με κουρσάρικα
1376	1378	Κλαμένη ήρθες μια βραδιά
1377	1379	Έφυγες και που μ' αφήνεις
1378	1380	Τα καλύτερά μας χρόνια
1379	1381	Ώρες σε κρυφοκοιτάζω
1380	1382	Χωρίς αισθηματα – 1983
1381	1383	Η καρδιά σου θα γίνει χρυσή
1382	1384	Μείνε αγάπη μου κοντά μου
1383	1385	Μερακλίδικο πουλί
1384	1386	Πότε θα ξαναγυρίσει (Το καράβι βάζει πλώρη)
1385	1387	Τα βάσανα του φθισικού (Απελπισμένος)
1386	1388	Γαλανομάτα
1387	1389	Είσαι η ζωή μου
1388	1390	Είσαι γυναίκα φίλου μου
1389	1391	Ο αμάραντος
1390	1392	Αυγουλού (Η Μαριγώ)
1391	1393	Αυτός ο άνθρωπος
1392	1394	Η σκιά μου κι εγώ
1393	1395	Γιατί δακρύζεις
1394	1396	Ο βλάμης του Ψυρρή
1395	1397	Δεν σε θέλω
1396	1398	Ο κουμπάρος ο ψαράς
1397	1399	Για σένα μαυρομάτα μου (Ναζιάρα μου Μπομπίνα)
1398	1400	Θα σε περιμένω απόψε (Ρεμπέτες)
1399	1401	Ταταυλιανό χασάπικο
1400	1402	Θα 'ρθει μια μέρα να πονάς
1401	1403	Ο ισοβίτης
1402	1404	Μια πενιά γεμάτη πόνο
1403	1405	Παπούτσια από τον τόπο σου
1404	1406	Τη ζούλα μου ανακάλυψαν
1405	1407	Αγάπα την μανούλα μου
1406	1408	Αντιλαλούνε τα βουνά
1407	1409	Καλλιθιώτισσα τσακίστρα
1408	1410	Ποιος μωρό μου ποιος
1409	1411	Μπατίρω σε συμμάζωξα
1410	1412	Γιαχαμπίμπι
1411	1413	Γκουβερνάντα
1412	1414	Μην αμφιβάλλεις
1413	1415	Καλλιοπάκι (Καλλιοπάκι με πειράζεις)
1414	1416	Παραμιλώ
1415	1417	Αχ ας μπορούσα
1416	1418	Το μάθανε πως σ αγαπώ
1417	1419	Απ' την Πόλη ένας μόρτης
1418	1420	Πετονιές
1419	1421	Μαρκοπουλιώτισσα
1420	1422	Μια χήρα από την Κοκκινιά
1421	1423	Αν δεν πιστεύεις ρώτησε (Το λεβεντόπαιδο)
1422	1424	Μάνα μη με καταριέσαι
1423	1425	Σιγά, καλέ, την άμαξα
1424	1426	Μ' αυτά τα κλέφτικά σου
1425	1427	Γλυκα Γλυκα
1426	1428	Να γιατί περνώ (Να γιατί γυρνώ μες στην Αθήνα)
1427	1429	Ρεμπέτικη σερενάτα
1428	1430	Μανές της καληνυχτιάς
1429	1431	Έφυγες χωρίς να με ρωτήσεις
1430	1432	Στη Φρεαττύδα
1431	1433	Μπέικος
1432	1434	Σαν είσαι μάγκας και νταής
1433	1435	Το λαχείο
1434	1436	Η πολιορκία (Το τραγούδι της Κύπρου)
1435	1437	Καπριτσιόζα
1436	1438	Μου 'βαλες μεγάλο πόνο
1437	1439	Το κορίτσι μου ζηλεύει
1438	1440	Θα σπάσω κούπες
1439	1441	Αϊδίνικο
1440	1442	Να πας πουλί μου στο καλό
1441	1443	ΕΊΣΑΙ ΤΟ ΚΆΤΙ ΆΛΛΟ
1442	1444	Αγκαλιά εσύ κι εγώ
1443	1445	Αγαπώ μια παντρεμένη
1444	1446	Το βεσπάκι το κορίτσι μου κι εγώ
1445	1447	Για σένα
1446	1448	Καρδιά μου κάνε υπομονή
1447	1449	Με παρέσυρε εκείνη (Ηρωΐνη)
1448	1450	Βαρέθηκα τους έρωτες
1449	1451	Τι το λες και δεν το κάνεις
1450	1452	Το χασάπικο της ταβέρνας
1451	1453	Ελεγείον
1452	1454	Αρμενάκι
1453	1455	Κουκλάκι
1454	1456	Έχεις κορμί αράπικο
1455	1457	Δεν θέλω πλούτη Βαγγελιώ
1456	1458	Το τραγούδι του Γιάννη
1457	1459	Οι σφουγγαράδες του Tarpon Springs
1458	1460	Ντερτηλίδικος χορός (Ντερτιλίδικο)
1459	1461	Σε γέλασα
1460	1462	Ελα όπως είσαι
1461	1463	Ο παπουτσωμένος γάτος
1462	1464	Φελάχες γλυκές
1463	1465	Βράδιασε και στην Αθήνα
1464	1466	Ούζο όταν πιεις
1465	1467	Όταν καπνίζει ο λουλάς
1466	1468	Πες μου φως μου από που 'σαι
1467	1469	Η παραπονιάρα
1468	1470	Η ορφανή
1469	1471	Όλες του κόσμου οι Κυριακές
1470	1472	Τρελό κορίτσι
1471	1473	Αλανιάρης
1472	1474	Ο Σακαφλιάς
1473	1475	Είσαι σαν νεράιδα
1474	1476	Χρόνια χελιδόνια
1475	1477	Πάντα με γλυκό χασίσι
1476	1478	Παρτίδες
1477	1479	Κάπελα καταραμένε
1478	1480	Φυσάει ο μπάτης
1479	1481	Τα ωραία του Τσιτσάνη
1480	1482	Άνθρωποι είμαστε
1481	1483	Δυό γυφτοπούλες
1482	1484	Κάποιος άγνωστος αλήτης
1483	1485	Φτωχέ διαβάτη
1484	1486	Γιατί δεν μου μιλάει
1485	1487	Όταν βροντάει η τσέπη σου
1486	1488	Φαληριώτισσα
1487	1489	Γλυκοχαράζει αρχόντισσα
1488	1490	Εβίβα
1489	1491	Πειραιώτισσα
1490	1492	Βασανίζομαι
1491	1493	Παπαρούνα
1492	1494	Μόρτισσα
1493	1495	Διπρόσωπη
1494	1496	Μάτια δεκατέσσερα
1495	1497	Μη μου λες γιατί ξεχνάω
1496	1498	Μάγκες πιάστε τα βουνά
1497	1499	Το χασαπάκι
1498	1500	Αγγελοκαμωμένη μου
1499	1501	Μπελεντέρια (Μπιλαντέρια)
1500	1502	Γιατί μικρούλα μου
1501	1503	Ποιά φωτιά να πρωτοσβήσω
1502	1504	Ο μαχαλόμαγκας
1503	1505	Η Πολίτισσα (Σε είδα οταν χόρευες)
1504	1506	Πρόσεξε - πρόσεξε
1505	1507	τυφλές ελπίδες
1506	1508	Τι σε μέλλει Μαρικακι
1507	1509	Η καρδιά μου δεν πουλιέται
1508	1510	Από λίγο λίγο
1509	1511	Έχει δίκιο το παιδί
1510	1512	Τρελέ τσιγγάνε
1511	1513	Ματσάκια πεντοχίλιαρα
1512	1514	Μάγκικα δε μου ξηγιέσαι
1513	1515	Το στεφάνι μου πετώ μες στη φωτιά
1514	1516	Στης Λαρίσης το ποτάμι
1515	1517	Βρε ζωή φαρμάκια στάζεις
1516	1518	Τι έκανα για πάρτη μου
1517	1519	Ο ξέμαγκας (Βαρέθηκα τον αργιλέ)
1518	1520	Η αγάπη είναι ζάλη
1519	1521	Δε σε θέλω πια
1520	1522	Χαρικλάκι μου
1521	1523	Πού είναι τα χρόνια τα παλιά
1522	1524	ΚαραΝΤΟΥΖΕΝΙ
1523	1525	Το σαλβάρι του Κιόρογλου
1524	1526	Τσαχπίνα αραπίνα (Μπαχριέ)
1525	1527	Κελαηδίσματα
1526	1528	Είδα κι έπαθα κυρά μου (Πώπω κάτι μάτια)
1527	1529	Εγώ θέλω πριγκιπέσσα
1528	1530	Αν ήξερες ποιος είμαι εγώ
1529	1531	Ένας αετός
1530	1532	Όσοι με λένε άσωτο
1531	1533	ΕΧΩ ΧΑΡΑ ΚΑΙ ΠΑΩ
1532	1534	Δίχως κάλτσες περπατούν
1533	1535	Η μικρή των Ποδαράδων
1534	1536	Τράβα τιμονιέρη
1535	1537	Βαγγελιώ δεν είσαι εντάξει
1536	1538	Ό,τι κι αν πω δε σε ξεχνώ
1537	1539	Της μπαμπέσας το γλυκο φιλί
1538	1540	Σκίσε το ανώνυμο γράμμα
1539	1541	Το φιλί δεν είναι κρίμα
1540	1542	Σφάλμα ασυγχώρητο
1541	1543	Χτες το βράδυ στου Καρίπη
1542	1544	Απόψε αναστέναξα
1543	1545	Η Φρόσω
1544	1546	Κλάψε σήμερα καρδιά μου
1545	1547	Προσφυγοπούλα (Εγώ είμαι το θύμα σου)
1546	1548	Είναι βαρύς ο πόνος μου
1547	1549	Λαθρέμπορας
1548	1550	Βάρκα γιαλό
1549	1551	Ο σαλταδόρος
1550	1552	Ελα δω μαρικάκι μου
1551	1553	Γιατί με ξύπνησες πρωί
1552	1554	Τα νιάτα τα μπερμπάντικα
1553	1555	Ένας μπαγλαμάς μουρμούρης
1554	1556	Μπαμπέσικα μου τα 'φερες
1555	1557	Μάγκες καραβοτσακισμένοι (Ήρθανε μπάτσοι, βρε και μας πήραν)
1556	1558	Η νύχτα δυο κομμάτια
1557	1559	Είναι τώρα έξι μήνες
1558	1560	Η γόπα
1559	1561	Μην πειράζεις το κορίτσι
1560	1562	ΑΡΓΗΣΑ ΝΑ ΣΕ ΓΝΩΡΙΣΩ
1561	1563	Τι μου 'κανες δεν τα ξεχνώ
1562	1564	ΤΗΝ ΝΥΧΤΑ ΜΟΝΑΧΟΣ
1563	1565	ΚΑΤΣΕ ΚΑΛΑ
1564	1566	Άσ' τα λόγια κατά μέρος
1565	1567	Με πήρε το ξημέρωμα στους δρόμους
1566	1568	Ο αισθηματίας
1567	1569	Τί μ' ωφελούν οι άνοιξες
1568	1570	ΠΑΡΑΠΟΝΟ    (ΤΙ ΘΕΛΕΙΣ ΑΠ " ΤΑ ΝΙΑΤΑ ΜΟΥ)
1569	1571	αγαπες χαμενες– 1968
1570	1572	Τα πρωτοβρόχια
1571	1573	Το θύμα
1572	1574	Χατζή μπαξές (Μπαξέ τσιφλίκι)
1573	1575	Ο Χατζηχρήστος (Ήρθαμε να γλεντήσουμε)
1574	1576	Η αμαρτωλή
1575	1577	Ο πρώτος άντρας που αγάπησα
1576	1578	θα σε κλέψω θα σε πάρω
1577	1579	Μαργαριτάρια
1578	1580	Σβήσε το φως να κοιμηθούμε
1579	1581	Ταλιλινόμπα
1580	1582	Η Ζωή Μου Όλη
1581	1583	Ας πέθαινες να γλίτωνα
1582	1584	Μη με διώχνεις μακρυά σου
1583	1585	Μια φελάχα στο τζαμί
1584	1586	Πειραιώτικος μανές
1585	1587	Σ΄ έναν τεκέ σκαρώσανε
1586	1588	Μ' έκαψες τσαχπίνα
1587	1589	Σου ´χει λάχει
1588	1590	Σμύρνη με τα περίχωρα
1589	1591	Ο ξενητεμένος
1590	1592	Μαύρα τα βλέπω κι άραχνα
1591	1593	Μωρό μου
1592	1594	Το ποτάμι
1593	1595	Απόψε μες το καπηλειό
1594	1596	Βολιώτισσα (Στου Βόλου τις ακρογιαλιές)
1595	1597	Εδώ πληρώνονται όλα
1596	1598	Στη δραπετσώνα
1597	1599	Δώστο το μαντήλι
1598	1600	Στο φτωχό μου το χαγιάτι
1599	1601	Απ' το στενό σοκάκι σου
1600	1602	Μη με πληγώνεις και πονώ
1601	1603	Οι Αρχαίοι (Πού 'σαι καημένε Περικλή)
1602	1604	Ο Πίκινος
1603	1605	Κάτσε φρόνιμα γκρινιάρα
1604	1606	η μάνα του Αλέξανδρου
1605	1607	Το βουνό με το βουνό
1606	1608	Αθηναίισσα (Μεσ’ στην Αθήνα ξενυχτώ)
1607	1609	Στην Κοκκινιά εγύριζα
1608	1610	Χαροκόπου 1942-1953
1609	1611	Ο σεισμός
1610	1612	Την Κυριακή το δειλινό
1611	1613	Φιλότιμο δεν έχεις πια
1612	1614	Το πεζοδρόμιο
1613	1615	Η πεταλούδα
1614	1616	Στης Σαλονίκης τα στενά
1615	1617	Οι σφουγγαράδες
1616	1618	Σαν φουμάρω τσιγαρλίκι
1617	1619	Για κοίτα μια γυναίκα
1618	1620	Νύχτες της Σταμπούλ
1619	1621	Άτιμη τύχη
1620	1622	Πειραιώτισσα τσαχπίνα
1621	1623	Το βαλς το χαμένων ονείρων
1622	1624	Μου φαίνεται
1623	1625	Ο κατάδικος
1624	1626	Όποιος πει κακό για σένα
1625	1627	Τόσα βράδια λείπεις
1626	1628	Το Πιτσιρίκάκι
1627	1629	Μπήκε ο χειμώνας
1628	1630	Κάτσε φρόνιμα Μαρίκα
1629	1631	Το πουκάμισο
1630	1632	Όταν με βλέπεις και περνώ
1631	1633	Να μη με λεν' Τσιτσάνη
1632	1634	Γλυκοχαράζει ο Αυγερινός
1633	1635	Συρτό Πολίτικο
1634	1636	Είναι δυο χρόνια π' αγαπώ
1635	1637	Η δροσούλα (Στου Σιδέρη τον τεκέ)
1636	1638	Μ' έδωκες σε πλούσιο
1637	1639	Παλιοκόριτσο για σένα
1638	1640	Οι άντρες
1639	1641	Τσιγγάνε σπάσε το βιολί
1640	1642	ΘΑ ΤΑ ΒΡΟΝΤΗΞΩ
1641	1643	Πάλιωσε το σακάκι μου
1642	1644	Νεα Βαγγελίτσα
1643	1645	Σέρβικο σόλο (Σέρβικο σμυρνέικο)
1644	1646	Καλή καρδιά καλό κρασί
1645	1647	Το πεταμένο τσιγάρο
1646	1648	Ελένη μοναχή
1647	1649	Ο κόσμος πλούτη λαχταρά
1648	1650	Στη μαγεμένη Αραπιά
1649	1651	Μη με μαλώνεις μάνα μου
1650	1652	Οι λαχανάδες
1651	1653	Σε φιλίες δεν πιστεύω
1652	1654	Από τον κόσμο μακριά
1653	1655	Νανούρισμα
1654	1656	Φύγε κι άσε με
1655	1657	Για μένα δεν σε μέλει
1656	1658	Θα γυρίσεις κάποιο δείλι
1657	1659	Έρωτας είναι θαρρώ  (παριος)
1658	1660	Με πλάνεψαν τα μάτια σου
1659	1661	Δε σε θέλω πια
1660	1662	Ν' αλλάξεις το βιολί
1661	1663	Ο χαρμάνης
1662	1664	Δώδεκα η ώρα
1663	1665	Θα μπλέξω μ' άλλη και θα κλαις
1664	1666	Είναι θάνατος ο χωρισμός
1665	1667	Αχ έχεις κάτι
1666	1668	Ο Μπεκιάρης
1667	1669	Κατάδικος για πάντα
1668	1670	Χτυπώ νεκροί κι' ανοίχτε μου (Μινόρε μανές)
1669	1671	Τα βράδια στον Βοτανικό
1670	1672	Τα βελουδένια μάτια σου
1671	1673	Σ’ αυτό το μπαλκονάκι
1672	1674	Το μόνο μου παράπονο (Ραστ)
1673	1675	ΑΣ ΗΤΑΝΕ Ο ΠΟΝΟΣ ΕΝΑ ΤΣΙΓΑΡΟ ΔΡΟΜΟΣ
1674	1676	Για σένα
1675	1677	Για σε μεθώ κάθε βραδιά
1676	1678	Μαντινάδες πουλώ
1677	1679	Η Θεσσαλονικιά
1678	1680	Τι να σε κάνω αφού πια δεν σ' αγαπώ
1679	1681	Όσα χρόνια κι αν περάσουν
1680	1682	Τώρα την καλοκαιριά
1681	1683	Ο τσιγκούνης ο μπαμπάς σου
1682	1684	Μικρή Πατρίδα
1683	1685	Το στραπάτσο
1684	1686	Η μάγισσα της Αραπιάς
1685	1687	Τράβα σπάγκο
1686	1688	Εγω αγαπησα
1687	1689	Ο μαχαραγιάς
1688	1690	Στους απάνω μαχαλάδες
1689	1691	ο τελευταίος πυρετός
1690	1692	Το λόγο σου δεν κράτησες
1691	1693	Σκλάβα του Πασά
1692	1694	Σέρβικος χορός
1693	1695	Κάηκε ένα σχολείο
1694	1696	Μην ορκίζεσαι βρε ψεύτρα
1695	1697	Όμορφη γλυκιά πολίτισσα
1696	1698	Βαλεντίνα
1697	1699	Της Γερακίνας γιος
1698	1700	Θα ρωτήσω τη μαμά σου
1699	1701	Κι ύστερα θα κάθεσαι
1700	1702	Εσύ τα φταις
1701	1703	Τι κι αν ζούσαμε μαζί
1702	1704	Σατράπισσα με λένε
1703	1705	αχ ο μπαγλαμάς
1704	1706	Εγώ θα σε γλιτώσω (Εγώ κακός δεν ήμουνα)
1705	1707	Μηχανικά με μπέρδεψες (Μεγάλο πόνο μου 'βαλες)
1706	1708	Ο μπατίρης
1707	1709	Πάψε να με τυραννάς (Πες μου καρδούλα μου)
1708	1710	Η χήρα
1709	1711	Τρελή γαλανομάτα (Δεν έτυχε συμπόνια να ζητήσεις)
1710	1712	Που σουνα
1711	1713	Αψιλίες
1712	1714	Η μοίρα
1713	1715	Ζηλιάρα
1714	1716	Γειά σου τσολιά μου (Ο τσολιάς)
1715	1717	Νταίζη
1716	1718	Ο Χρήστος (Κάτσε ν' ακούσεις μια πενιά)
1717	1719	Γιαννάκης
1718	1720	Τέτοια κούκλα και τσαχπίνα
1719	1721	Αγιάτρευτος καημός
1720	1722	Ποιά καρδιά δε θα ραΐσει
1721	1723	Μια Κυριακή στη φυλακή
1722	1724	Οι διακόσιοι της Καισαριανής
1723	1725	Μάνα θέλω έναν άντρα
1724	1726	Δως μου το, δως μου το
1725	1727	Βάστα καρδιά μου
1726	1728	Βλάχικο χασάπικο
1727	1729	Από την Κούλουρη ως τον Περαία
1728	1730	Χαϊδάρι
1729	1731	Με βάρκα την Ελλάδα
1730	1732	Πολλά είδανε τα μάτια μου
1731	1733	Αρχίζεις να παραπατάς
1732	1734	Με τυλίξανε δυο φίνες
1733	1735	Φέρε μας καπέλα κρασί
1734	1736	Ποιο μονομάτι να διαβώ
1735	1737	Δεν πάει κάτω το κρασί
1736	1738	Βαρέθηκα να καρτερώ
1737	1739	Νεα μερακλού
1738	1740	Τα σπαρματσέτα
1739	1741	Κι αν μεθάω τα βραδάκια
1740	1742	Σιγανοψιχάλισμα
1741	1743	Το δέκα το καλό
1742	1744	Ο σεβνταλής
1743	1745	Μη κάνεις πια την έξυπνη
1744	1746	Ένα τρεχαντηράκι
1745	1747	Ας ερχόσουν για λίγο
1746	1748	Χατζηκυριάκειο
1747	1749	Η Γιαννούλα από τα Λιόσια
1748	1750	Γιατί δε βγαίνεις να σε δω
1749	1751	Μεσογείτισσα
1750	1752	Νέος Κόνιαλης
1751	1753	ΚΑΝΕΙΣ ΔΕΝ ΗΡΘΕ ΝΑ ΜΕ ΔΕΙ
1752	1754	Άπονα μάτια
1753	1755	Εσύ είσαι τρελοκόριτσο
1754	1756	Το καλοκαίρι τώρα
1755	1757	να ‘τανε το ’21
1756	1758	Είμαι στον καημό σου θύμα
1757	1759	Εμένα λόγια μην μου λες
1758	1760	Άδειασέ μου τη γωνιά
1759	1761	Νύχτα βαθειά σκοτεινιασμένη
1760	1762	Δε μου γουστάρεις (Έπαψα πια να σ' αγαπώ)
1761	1763	Όλοι οι ρεμπέτες του ντουνιά
1762	1764	Στο σταυροδρόμι της ζωής
1763	1765	Άνθρωποι, άνθρωποι
1764	1766	Βαδίζω και παραμιλώ
1765	1767	Βαδίζω με παράπονο
1766	1768	Το ρολογάκι που φορείς
1767	1769	Ο μάγκας του γλυκού νερού
1768	1770	Βάλτε να πιούμε
1769	1771	Το ξεφάντωμα
1770	1772	Η κολπατζού
1771	1773	Κάτσε ήσυχα βρε γέρο
1772	1774	Βρε χήρα κάθησε καλά
1773	1775	Έλα να μπερμπαντέψεις
1774	1776	Πήρα απ’ το χέρι σου νερό
1775	1777	Φτώχεια μαζί με την τιμή
1776	1778	Πέντε Έλληνες στον Άδη
1777	1779	Γιαννιώτισσα
1778	1780	Με την καρδιά μου παίζεις
1779	1781	ΈΝΑΣ ΣΚΎΛΟΣ ΚΑΙ ΜΙΑ ΓΥΝΑΊΚΑ
1780	1782	Στιγματισμένος, καταστραμμένος
1781	1783	ΠΑΡΕ ΤΑ ΧΝΑΡΙΑ ΜΟΥ
1782	1784	Μπουκάραν μάγκες στον τεκέ
1783	1785	Τουρκολίμανιωτισσα
1784	1786	Τσόκαρα
1785	1787	μη μου θυμώνεις μάτια μου
1786	1788	Το άρωμα
1787	1789	Βοήθα Παναγιά (Ξεσπά η μπόρα)
1788	1790	Το κορίτσι σου κυρά μου
1789	1791	Ο σερέτης
1790	1792	Το παλτό
1791	1793	Τι θέλεις από μένα
1792	1794	Αλάνης πια δεν είμαι εγώ
1793	1795	Για σένα ρούσα και ξανθιά
1794	1796	Κοπέλα λεβεντόκορμη
1795	1797	Κατινάκι μου λυπήσου με
1796	1798	Ο πασατέμπας
1797	1799	Το μινόρε της ταβέρνας (Τα βλαμάκια)
1798	1800	Χασάπης ζηλευτός
1799	1801	Ένας μάγκας στο βοτανικό
1800	1802	Νύχτα χωρίς ξημέρωμα
1801	1803	Νύχτες ξενυχτώ χωρίς ελπίδα
1802	1804	Μάτια παλάτια
1803	1805	Σορόπης
1804	1806	Παραπονιέμαι στο ντουνιά
1805	1807	Μη μου πατάτε το ζωνάρι
1806	1808	Μες στου Ζαμπίκου τον τεκέ
1807	1809	ένα ρεμάλι του Πειραιά
1808	1810	Τα νησιά (Ο έμπορας)
1809	1811	Τα βαγόνια
1810	1812	Δεν θέλω άλλα γιατρικά
1811	1813	Παποράκι (Παποράκι του Μπουρνόβα)
1812	1814	Για Την Σοφία Βέμπο
1813	1815	δώσε μου το στόμα σου
1814	1816	Στο μέντιουμ
1815	1817	Αλίμονο στη μάνα μου
1816	1818	Πρέπει να ξέρεις μηχανή
1817	1819	Κλάψε φτωχή καρδούλα μου
1818	1820	ατομική μου ενέργεια
1819	1821	Είμαι αετός χωρίς φτερά
1820	1822	Απόψε στο δικό σου μαχαλά
1821	1823	Θα πάμε βόλτα στα νησιά
1822	1824	Ποτέ
1823	1825	Κορόιδο άδικα γυρνάς
1824	1826	Η τράτα μας η κουρελού
1825	1827	Το καραβοτσάκισμα
1826	1828	ΕΙΝΑΙ ΦΡΙΧΤΟ ΝΑ ΜΕΝΕΙΣ ΜΟΝΟΣ ( ΣΥΓΧΩΡΕΣΕ ΜΕ)
1827	1829	Τι όμορφη που είσαι όταν κλαις
1828	1830	Τσάκα τσούκα σπάστα
1829	1831	Δυο χρόνια σ αγαπώ
1830	1832	Αρχοντορεμπέτισσα
1831	1833	Μεγάλωσες
1832	1834	Μόρτισσα Σμυρνιά
1833	1835	Το ξυράφι και το ακόνι
1834	1836	Άνοιξε μάνα
1835	1837	Όλο κοιτάς το ρολογάκι σου
1836	1838	Αλλού πηγαίνουν τα λεφτά
1837	1839	Φτωχό πανωφοράκι μου
1838	1840	Έλα μικρό να φύγουμε
1839	1841	Θα σ' έχω σύντροφο
1840	1842	Η κατάρα της μάγισσας
1841	1843	γιε μου, γιε μου
1842	1844	Ο παντρεμενάκιας
1843	1845	Μπλόκος (Βγήκανε νωρίς τ'αστέρια)
1844	1846	Ο Μοναχός ο άνθρωπος
1845	1847	Δώσε μου φωτιά
1846	1848	Κατσιβέλα
1847	1849	Αγάπη που ‘γινες δίκοπο μαχαίρι
1848	1850	Επήρες την κληρονομιά
1849	1851	ΣΤΟΝ ΛΕΥΚΟ ΤΟ ΠΥΡΓΟ
1850	1852	Κρίμα τέτοια λεβεντιά
1851	1853	Το Ερηνάκι (Κατεργάρα Ειρήνη)
1852	1854	Έχουν δίκιο οι γυναίκες
1853	1855	Ένα λεπτό περιπτερά
1854	1856	Κρυφό τον έχω τον καημό
1855	1857	Ο Παμεινώντας
1856	1858	Θα κάνω φασαρια
1857	1859	Ένας μάγκας στο Πασαλιμάνι
1858	1860	Σκαλοπάτι σκαλοπάτι (Στου χωρισμού τον πόνο)
1859	1861	Είμαι μπεκρού
1860	1862	Σε μαγεμένη αγκαλιά
1861	1863	Έζησα στην Αμέρικα
1862	1864	Έλα όπως είσαι
1863	1865	Εσύ γλυκειά μου μόνο
1864	1866	Για μια μικρούλα αναστενάζω
1865	1867	Μάγκικο
1866	1868	Ο μπερμπάντης
1867	1869	Το χαστούκι
1868	1870	Να τί βγαίνει απ' εκεί (Προϊόντα προς εξαγωγή
1869	1871	Τώρα που σ έχω αγκαλιά
1870	1872	Σαμπάχ μανές
1871	1873	Για να σε κάνω άνθρωπο
1872	1874	Η παραδόπιστη
1873	1875	Γιαννούσαινα
1874	1876	Μια βαρκούλα θα ναυλώσω
1875	1877	Το χαρτζηλίκι
1876	1878	Η πρωτομάγκισσα
1877	1879	Ο μπάρμπα Θωμάς
1878	1880	Ότι θέλουν οι γυναίκες
1879	1881	Πατρινιά
1880	1882	Καμαριέρα
1881	1883	Παρηγοριά τα μάτια σου
1882	1884	Με λικέρ και με σαμπάνια (Με σπανιόλικες χαβάγιες)
1883	1885	Για την απονιά σου
1884	1886	Ποπίτσα μου σκληρόκαρδη
1885	1887	Ο Καϊξής
1886	1888	Μαλλάκια απ´ τις πλεξούδες σου
1887	1889	Αράπικο λουλούδι
1888	1890	Πέρα στα κάστρα του Γεντί
1889	1891	Πληγωμένο χελιδόνι
1890	1892	Η σατράπισσα (Αραμπάς περνά)
1891	1893	Μη με μαλώνεις
1892	1894	Να πεθάνεις
1893	1895	Όταν θα λάβεις αυτό το γράμμα
1894	1896	Την καταργώ την προίκα
1895	1897	Σκότωσέ με
1896	1898	Ψεύτη ντουνιά
1897	1899	Παρασκευή πρωί
1898	1900	Ο θερμαστής
1899	1901	Ορχηστρικό Ζεϊμπέκικο
1900	1902	Μεσ' τον οντά ενός πασά
1901	1903	Ο χαρτοπαίχτης
1902	1904	Είμαι τεχνίτης ξακουστός (Αφού μου λες πως μ' αγαπάς)
1903	1905	Παλιοκόριτσο για σένα
1904	1906	Μαυρομάτα
1905	1907	Η νύφη μας στολίζεται
1906	1908	Ερηνάκι
1907	1909	Μάγκες μου συμμορφωθείτε
1908	1910	Απ' το χάρο γλύτωσέ με
1909	1911	ΣΤΙΧΟΙ ΝΑ ’ΜΟΥΝΑ ΤΟ ΣΕΝΤΟΝΆΚΙ – 1976
1910	1912	Αν δεν είχα και σένανε     (Με προδώσαν οι φίλοι μου)
1911	1913	Το μαύρο κομπολόι
1912	1914	Κλεφτοτσαντάς
1913	1915	Θαλασσάκι
1914	1916	Μέσα στο Πασαλιμάνι
1915	1917	Εσένα δε σου άξιζε αγάπη
1916	1918	Φίλος και γυναίκα
1917	1919	Καταραμένη τράπουλα
1918	1920	Γκιούλ μπαξέ
1919	1921	Στης γραβουσας
1920	1922	Τσιγγάνα μου γλυκιά
1921	1923	Συριανό ζειμπέκικο
1922	1924	Διπλοπενιές
1923	1925	Κολωνάκι Τζιτζιφιές
1924	1926	Ο κουρασμένος δρόμος μου
1925	1927	Όπου δεις φωτιά να καίει
1926	1928	Στα κάτεργα κατάδικος
1927	1929	Μ' έκαψες σκύλα
1928	1930	Η   γαλιαντρα
1929	1931	Μια όμορφη μελαχρινή
1930	1932	Μπουφετζής
1931	1933	Γιάννης χασικλής
1932	1934	Πάμε για μπάνιο
1933	1935	Λόντος και Κοριάνι
1934	1936	Σε θυμάμαι από μικρούλα
1935	1937	Μαρουσιώτισσα
1936	1938	Το κρεββάτι του πόνου
1937	1939	ΑΝ ΡΩΤΑΣ ΝΑ ΣΟΥ ΠΩ
1938	1940	Εσύ είσαι η αιτία
1939	1941	Κάνε λιγάκι υπομονή
1940	1942	Δυο καρπούζια σ' ένα χέρι
1941	1943	Μανώλη κάθησε καλά
1942	1944	Απελπισμένος
1943	1945	Της μάνας σου το πείσμα
1944	1946	Ο Δημητράκης
1945	1947	Αλεξανδριανή φελλάχα
1946	1948	Κάποιος χτύπησε την πόρτα  (νταλαρας)
1947	1949	Μάνα με πάντρεψες μικρή
1948	1950	Πρέπει να χτίσω ένα τζαμί (Αν μ´ αξιώσει ο Θεός)
1949	1951	Αθηναίισσα
1950	1952	Η κουμπαριά να ζήσει (Ο κουμπάρος)
1951	1953	Βίρα την άγκυρα
1952	1954	Πίνω τη φλόγα μου να σβήνω
1953	1955	Θα κλείσω τα μάτια
1954	1956	Αχ τα όμορφά σου μάτια
1955	1957	Εσουρωσα κι απόψε
1956	1958	Νιγρίτα
1957	1959	Πάψε να μου κάνεις πια την πάπια (Στρίβε λόγια)
1958	1960	Ο λαθρέμπορας
1959	1961	Είμαι ζηλιάρης
1960	1962	Πότε Βούδας πότε Κούδας
1961	1963	Η ζημιά
1962	1964	Σε περιμένουνε, σε συζητούνε
1963	1965	Ξαφνικός έρωτας
1964	1966	Σε θέλω νάσαι έξυπνη
1965	1967	Δυο νύχτες μόνο
1966	1968	Ο γάμος του μπεκρή (Παντρεύτηκα για να χαρώ)
1967	1969	Τι γλυκό να σ’ αγαπούν  (ματια μου μεγαλα)
1968	1970	Θέλω μάγκα και σατράπη
1969	1971	Γλυκοβραδιάζει κι ο ντουνιάς
1970	1972	Έχει όμορφες αφράτες (Έξι γκόμενες αφράτες)
1971	1973	Γλέντα τη ζωή
1972	1974	Σταλιά σταλιά
1973	1975	Το γράμμα
1974	1976	ΤΟ ΠΕΠΡΩΜΕΝΟ
1975	1977	Το σημάδι
1976	1978	πρώτη του Δεκέμβρη (νταλαρας)
1977	1979	Γλυκοφρυδού
1978	1980	Το χαρακίρι
1979	1981	Το αντικλείδι
1980	1982	Γαλατιανό Χασαποσέρβικο
1981	1983	Γιώργο μου ποια σε χαίρεται
1982	1984	Μαγκιόρα
1983	1985	Κάπου νυχτώνει
1984	1986	Θεέ μου μεγαλοδύναμε
1985	1987	Πες μου τι σου βρίσκω
1986	1988	Μια βράδια στην Αμφιάλη
1987	1989	Γεντί-Κουλέ (Βράδυασε μες στο Γεντί-Κουλέ)
1988	1990	Μαυροφόρα μαυρομάτα μου
1989	1991	Θεσσαλονίκη όμορφη (Γλυκειά μου Θεσσαλονικιά)
1990	1992	Η μάνα μου με δέρνει
1991	1993	Νόστιμο τρελό μικρό μου
1992	1994	Τα Ξύλα
1993	1995	Οσμάν Αγάς
1994	1996	Αν ήμουνα άνδρας
1995	1997	Καπριτσιόζα
1996	1998	Το Ρομάτζο μας
1997	1999	Εφτά φορές με πρόδωσες
1998	2000	Όπου φτωχός κι η μοίρα του
1999	2001	Ταξίμι Αθηναίικο και ζειμπέκικο
2000	2002	Στου παιδιού μου τη χαρά (κοκορας)
2001	2003	Χαϊδεμένη
2002	2004	Δεν τον θέλω
2003	2005	Ο νοικοκύρης
2004	2006	Πες μου Καλαματιανή μου
2005	2007	Τα λιμάνια
2006	2008	Ερωτευμένος
2007	2009	Η καρδιά μου ας όψεται   (Δακρυσμένη ζητάς)
2008	2010	Μάτια μαχμούρικα
2009	2011	Σε ξέχασα δε σε πονώ
2010	2012	Χαράματα η ώρα τρεις
2011	2013	ΧΑΡΑΥΓΗ
2012	2014	Πάρε πια το δρόμο σου (Εφιάλτης)
2013	2015	Χαρέμια με διαμάντια (Παλάτια χρυσοστόλιστα)
2014	2016	Κοντραμπατζήδες
2015	2017	ΕΥΒΟΙΏΤΙΣΣΑ
2016	2018	Φύσηξε θαλασσάκι
2017	2019	Παίξε μπουζούκι μου πιστό
2018	2020	Ατελείωτο
2019	2021	Μάνα, πού ζω
2020	2022	Το νέο χανουμάκι
2021	2023	Στην παγίδα
2022	2024	Η τρεχαντήρα
2023	2025	Τα χάνω σαν σε βλέπω
2024	2026	Μη χειρότερα Θεέ μου
2025	2027	Το μαύρο ριζικό
2026	2028	Τα μαναβάκια
2027	2029	Το τελευταίο γράμμα σου
2028	2030	Γκιουλ τζαμαλ
2029	2031	Ο ΚΥΡ ΑΛΕΚΟΣ
2030	2032	Όταν πλύνω τουμπεκάκι
2031	2033	Σύννεφα
2032	2034	Παίξε Χρήστο επειγόντως
2033	2035	Γιάννη μου έσπασες τη στάμνα
2034	2036	Ενας κόμπος η χαρά μου
2035	2037	Μπίντα γιάλα
2036	2038	Αν δεν με θέλεις χήρα μου
2037	2039	Σαν με δεις και σου σφυριζω
2038	2040	Ταταυλιανός συρτός-μπάλος
2039	2041	Ό,τι και να γίνει θυμήσου
2040	2042	Χασάπικο με μπαγλαμά    (ζαμμπετας)
2041	2043	Γκιουλ Μπαχάρ
2042	2044	Είναι μια στο Περιστέρι
2043	2045	Σ' αγαπώ γιατί είσαι ωραία
2044	2046	Μπουζούκι αγάπη μου
2045	2047	Νέο μελαχρινό
2046	2048	Γιατί να με γελάσεις
2047	2049	Απόψε που τα χάλασα
2048	2050	Η νοσοκόμα
2049	2051	Θα σε τιμωρήσω
2050	2052	Σιγανοπαπαδίτσα
2051	2053	Σερσέ λα φαμ
2052	2054	Δεν σ' αγαπώ, δεν σ' αγαπώ
2053	2055	Δεν θα ξαναϊδωθούμε
2054	2056	Σ' έχω βαρεθεί
2055	2057	Η γυναίκα
2056	2058	Έμπα στο κάρο κούκλα μου
2057	2059	ΧΑΣΑΠΙΚΟ ΠΟΛΙΤΙΚΟ
2058	2060	Τα μαγεμένα μάτια σου
2059	2061	Ραντεβουδάκι
2060	2062	Πού θα μείνω απόψε
2061	2063	Τα χανουμάκια
2062	2064	Η διαθηκη
2063	2065	Είμαι παιδάκι μάλαμα
2064	2066	Δεν με θέλεις πια
2065	2067	Το Κωστάκι στους χορούς
2066	2068	Καμηλιέρικο
2067	2069	Ένας άντρας δέκα γυναίκες
2068	2070	Το κουρμπέτι (Για να κατακτήσεις τη μαγκιά)
2069	2071	Το μαγγαλάκι
2070	2072	Καμωματού (Ντερβί σεβντά μου άναψες)
2071	2073	ΝΥΧΤΕΡΙΔΕΣ ΚΑΙ ΑΡΑΧΝΕΣ
2072	2074	Ατσιγγάνα
2073	2075	Μαύρισε ο ουρανός
2074	2076	Για πάντα θα με χάσεις
2075	2077	Βράσε τη ρούμπα τα σουΐγκ
2076	2078	Μας χώρισαν οι θάλασσες
2077	2079	Ο ξεφτίλης
2078	2080	Γειά σου Πειραία αθάνατε
2079	2081	Τα ξένα χέρια
2080	2082	Τα τσαχπίνικα σου μάτια
2081	2083	Άσε με, άσε με
2082	2084	Ηλιοβασίλεμα σωστό
2083	2085	Παναγιώτα
2084	2086	Κι αυτό θα περάσει
2085	2087	Μπουζούκι μου διπλόχορδο
2086	2088	Ροκ μπαλάντα
2087	2089	Τα ψαραδάκια
2088	2090	Πάει κι αυτός
2089	2091	Ο μπαλαμός ( Το τραγούδι των γύφτων)
2090	2092	Τα ωραία σου ματάκια
2091	2093	Η ξενιτιά
2092	2094	Αλεξανδριανή
2093	2095	Ήρθε κι έφυγε σαν ξένος
2094	2096	Περιβολάρης
2095	2097	Κάποια μικρή καμωματού απ' το Πασαλιμάνι
2096	2098	Κούκλα μου Μαρίκα
2097	2099	Παραπονιαρικό μου
2098	2100	Χασάπικο Λατέρνα (Ταταυλιανό Χασάπικο, Πολιτικό Χασάπικο)
2099	2101	Τρικαλινή τσαχπίνα (Είμαι παιδάκι μάλαμα και ζηλευτό)
2100	2102	Τον Βενιζέλο χάσαμε
2101	2103	Για μια παλιά μου αγάπη (Μες στις ταβέρνες ξενυχτώ)
2102	2104	Μπρος στα κλειστά παράθυρα
2103	2105	Να ‘τανε το ’21
2104	2106	Πάρε με-πάρε με
2105	2107	Να μη σε δω φιγουρατζή
2106	2108	ΟΝΕΙΡΟ ΔΕΜΕΝΟ
2107	2109	Ο γάτος
2108	2110	πέσε στην αγκαλιά μου
2109	2111	Μπάρμπα Γιάννη σαν πεθάνεις
2110	2112	Για μια τσαχπίνα καπελού
2111	2113	ΕΓΩ ΚΑΙ Ο ΚΑΗΜΟΣ
2112	2114	ΤΟ ΔΕΛΦΙΝΟΚΟΡΙΤΣΟ
2113	2115	Γλέντι, αγάπη
2114	2116	Με δυό φιλιά σου ψεύτικα
2115	2117	Ο ψαράς μέσα στην Χώρα
2116	2118	Η πεθερά μου
2117	2119	Ο Νικοκλάκιας
2118	2120	Ο Βορονώφ
2119	2121	Της αγάπης το τραγούδι
2120	2122	Τετοιον άντρα θε να παρω
2121	2123	Τι παράξενη κοπέλα
2122	2124	Εσύ μ' αυτά τα πείσματα
2123	2125	Μαύρη η ώρα που σε πήρα
2124	2126	Μελαχροινή κοπέλα
2125	2127	Να ήμουνα στη Μύκονο
2126	2128	Για μια γυναίκα χάθηκα (Γεντί Κουλέ)
2127	2129	Στο κελί του κάθε βράδυ
2128	2130	Θα φύγω θα με χάσεις
2129	2131	Γλυκό φιλί
2130	2132	Γαϊτανοφρυδούσα
2131	2133	Αλανιάρα απ'τον Πειραιά
2132	2134	Sultani segiah sirto
2133	2135	Η υπόγα
2134	2136	Ένα Χασάπικο καλό
2135	2137	Τα μεράκια
2136	2138	Όλα εδώ πληρώνονται (Άπιστη γυναίκα)
2137	2139	Όρκο στο λουλά σου κάνω
2138	2140	Είσαι μελαχρινό και νόστιμο
2139	2141	Αμαρτωλή
2140	2142	Ήρθε ο χειμώνας
2141	2143	Πολίτισσα (μου έμορφη)
2142	2144	Σέρβικος χορός (χορός χασάπικος, Καραγκιόζης)
2143	2145	Ντράκουλας
2144	2146	Χωρίς τον ξενοδόχο
2145	2147	Σαν πας στα ξενά
2146	2148	Δεν πρόσεξα τη μάσκα που φορούσες
2147	2149	Αστραπή, βροχή, χαλάζι
2148	2150	Οι φάμπρικες
2149	2151	Δυο βράδια μεθυσμένα
2150	2152	Ασε με γιατρέ μου να πεθάνω
2151	2153	Το χαρέμι στο χαμάμ
2152	2154	Ο Χάρος (Βγήκε ο Χάρος να ψαρέψει)
2153	2155	Κι αν έμπλεξες με άλλον δεν πειράζει
2154	2156	Η κουτσομπόλα
2155	2157	Το στοιχειωμένο σπίτι
2156	2158	Πέφτεις σε λάθη
2157	2159	Κοινωνία και γυναίκα
2158	2160	Ο ουρανός φεύγει βαρύς
2159	2161	Ο Μόρτης
2160	2162	Ντουντού
2161	2163	Η γυναίκα η μουρμούρα
2162	2164	Συριανό χασάπικο
2163	2165	Γιατί γιατί μου το 'κρυψες
2164	2166	Ξημέρωμα 1ης Ιανουαρίου 2000 μ.Χ
2165	2167	Καραβοκύρη μου χρυσέ
2166	2168	Ό,τι μου κάνεις θα σου κάνω
2167	2169	Ντερβίση μου
2168	2170	Ηρωίνη και μαυράκι (Προύσα)
2169	2171	Ο στραπατσαρισμένος
2170	2172	Θα προτιμήσω θάνατο
2171	2173	Τις γυναίκες τις αλλάζω (Σαν πουκάμισα)
2172	2174	Ανάθεμα σε Αμερική
2173	2175	Το σύρε κι έλα άρχισα
2174	2176	Τι θέλεις μάνα το γιατρό
2175	2177	Θέλω πολλές
2176	2178	Μπρατσέρα Λέρικο
2177	2179	Μάνα γιατί να με γεννήσεις
2178	2180	Ο ουρανός έχει μαυρίσει
2179	2181	Μεθάω τα σπάω
2180	2182	Ο ψύλλος
2181	2183	Σε μια ξανθούλα
2182	2184	Ταμπουριώτισσα
2183	2185	Χτες το βράδυ στο σκοτάδι
2184	2186	Το 'χω ρίξει στο ξενύχτι (Τι μπελάς το γυναικείο φύλο)
2185	2187	Λίγο λίγο θα με συνηθίσεις
2186	2188	Ένα τέτοιο παλικάρι
2187	2189	Από γυναίκες δάκρυα
2188	2190	Γαλανομάτα
2189	2191	Ο πιτσιρίκος
2190	2192	Το ντιβάνι
2191	2193	Φτωχό κομπολογάκι μου
2192	2194	Θα παίζω μ’ όλες να γελώ
2193	2195	Με καλέσαν ένα βράδυ
2194	2196	Απόψε έλα κοντά μου
2195	2197	Σύρα
2196	2198	Αραμπάς περνά
2197	2199	Σκύλα μ' έκανες και λειώνω
2198	2200	Ο μερακλής
2199	2201	Η δικτατόρισσα (Το τραγούδι του αλήτη)
2200	2202	Πολλές φορές χρειάστηκε
2201	2203	Συννεφάκια  του  αερα
2202	2204	Το ενέχυρο (Με θάμπωσε η ομορφιά σου)
2203	2205	Αγάπα με
2204	2206	Αυτοσχεδιασμοί σε μινόρε
2205	2207	Τέσσερα μάτια δυο καρδιές
2206	2208	Μες του Αιγαίου
2207	2209	Η άπιστη
2208	2210	Αστέρω
2209	2211	Από γυναίκας απονιά
2210	2212	Τώρα π' ανήκεις σ' άλλονε
2211	2213	Καημό μεσ’ στην καρδούλα μου (Κάθε βραδάκι με γελάς)
2212	2214	Το παιδί απ' το λιμάνι (Κάποιο αλάνι απ' το λιμάνι)
2213	2215	Να γλιτώσουμε κι οι δυό
2214	2216	Πες το ναι κι ας είναι ψέμα
2215	2217	Κάποτε θα δεις
2216	2218	Απόψε θα τα πιω
2217	2219	Φάμπρικα
2218	2220	Σε σαλόνια τώρα μπήκες
2219	2221	Θα σε κλέψω μια βραδιά
2220	2222	Θεσσαλονίκη
2221	2223	Τα βλέπω σκοτεινά (Γλυκοχαράζουν τα βουνά)
2222	2224	Ο μπατίρης ο Λουκάς
2223	2225	Χασάπικο μάγκικο
2224	2226	Τράβα βρε μάγκα και αλάνι
2225	2227	Η Κούλα
2226	2228	Απόψε είναι βαριά
2227	2229	Στο δρόμο τον παράνομο
2228	2230	Τηλεγράφημα στην Κάρμεν
2229	2231	Δυο πόρτες έχει η ζωή
2230	2232	Τρία παιδιά απ’ του Ψυρρή
2231	2233	Δεν τον θέλω μάννα
2232	2234	Η μάγκισσα (Με έκαψες ρε μάγκισσα)
2233	2235	Πεθαίνω για το δίκιο μου
2234	2236	Στο Φάληρο που πλένεσαι
2235	2237	Μ' αρέσουν οι γυναίκες
2236	2238	Αυτά μου κάνεις
2237	2239	Είναι κρίμα (Είσαι γυναίκα πονηρά που αγαπάς)
2238	2240	Βάλε με στην αγκαλιά σου
2239	2241	Για τα μάτια σου τα δυο
2240	2242	Εχτές το βράδυ
2241	2243	Μάνα μου αλλιώς μου τα ΄πες
2242	2244	Της τριανταφυλλιάς τα φύλλα
2243	2245	Προξενεύουν το Σταμάτη
2244	2246	Αναπτήρας με φιτίλι
2245	2247	Φάνταζες σαν πριγκιπέσσα
2246	2248	Παραπονιούνται οι μάγκες µας
2247	2249	Δημητρούλα μου
2248	2250	Πινόκλης
2249	2251	Εδώ στην ακροθαλασσιά
2250	2252	Γιατί φουμάρω κοκαΐνη
2251	2253	Έφοδος στον τεκέ
2252	2254	Αυτά τα λόγια τα σκληρά
2253	2255	Σκοτείνιασε
2254	2256	Τρίτη βροχερή (Ήταν μια Τρίτη βροχερή)
2255	2257	Είσαι γυναίκα του μπελά
2256	2258	Σταλαγματιά
2257	2259	Απόψε πια δεν βασταξα
2258	2260	Φουστάνι μίνι ζιπ φοράς
2259	2261	Σήμερα ξύπνησα πρωί
2260	2262	Όταν στα κέντρα σε πηγαίνω
2261	2263	Γυναίκα με δύο άντρες
2262	2264	Μουσολίνι άλλαξε γνώμη
2263	2265	Μ' έβαλες στο μαυρο πίνακα
2264	2266	Κακιά γειτόνισσα
2265	2267	Απ' της Ζέας το λιμάνι
2266	2268	Ρετσίνα
2267	2269	Ο ντουνιάς με κατακρίνει
2268	2270	Τα μοντέρνα κορίτσια
2269	2271	Καπετάνιε κάνε στοπ
2270	2272	Να μη λες το μυστικό
2271	2273	Το μινόρε του Τσιτσάνη
2272	2274	Αφού το θες
2273	2275	Αμαν γιατρέ μου
2274	2276	Κατινάκι μη θυμώνεις
2275	2277	Η μόρτισσα της Κοκκινιάς
2276	2278	Βλαχοπούλα
2277	2279	Γκιουζέλ (Ταξίμι ζειμπέκικο)
2278	2280	Είναι δυο χρονάκια
2279	2281	Απ' τα χείλη σου τα γραμμένα
2280	2282	Κρασοπίνω
2281	2283	Χωρίς ελπίδα να πονώ (Διπλός καημός)
2282	2284	Ώρες με θρέφει ο λουλάς
2283	2285	Ο λαγός
2284	2286	Το Γουέστ (Σακραμέντο και Λοντάϋ)
2285	2287	Ο Νικόλας ο ψαράς
2286	2288	Ο φλώρος
2287	2289	Πες μου τι θεό λατρεύεις
2288	2290	Μες στο κελί μου ξάγρυπνος
2289	2291	Η ΓΟΡΓΟΝΑ  (ΣΤΗΝ ΑΠΑΝΩ ΓΕΙΤΩΝΙΤΣΑ)
2290	2292	Συρματοπλέγματα βαριά
2291	2293	Σήκω πάνω κάτσε κάτω
2292	2294	Ο ζόρικος
2293	2295	Ο Αντώνης ο τεμπέλης
2294	2296	Μες την φυλακή θα λιώσω
2295	2297	Δεν βαριέσαι
2296	2298	Έφυγες απ' τα χέρια μου
2297	2299	Έλα κάνε μου παρέα
2298	2300	Θάλασσα γαλάζια
2299	2301	Γιατί με ξέχασες
2300	2302	Κατηγορώ την κοινωνία
2301	2303	Ξανθειά Σμυρνιωτοπούλα
2302	2304	Αραπίνες και πασάδες (Σουδανέζα)
2303	2305	Το καλογεράκι
2304	2306	Θα φύγω και θα κλαις (Παράτησε τη γκρίνια)
2305	2307	Αχ μπαρμπουνάρα μου (Νέοι, γέροι ψιθυρίζουν)
2306	2308	Ψεύτικε κόσμε
2307	2309	Δροσάτη Πελοπόννησος
2308	2310	Το παράπονο του αλήτη (Αλήτη μ´ είπες μια βραδιά)
2309	2311	ΔΕΝ ΣΕ ΠΙΣΤΕΥΩ
2310	2312	Η Ελένη η ζοντοχήρα
2311	2313	Γκαζέλ Νιχαβέντ
2312	2314	Παίξε μπουζούκι (Παίξτε μπουζούκια, παίξτε βιολιά)
2313	2315	Μουρμούρικο Ζεϊμπέκικο
2314	2316	Το περιστέρι  (εστειλα ενα περιστερι)
2315	2317	Η σουλτάνα
2316	2318	Γελώ για να μην κλάψω
2317	2319	Που με βρήκες που σε βρήκα
2318	2320	Κάποτε ήμουνα κι εγώ
2319	2321	Αργοσβήνεις μόνη
2320	2322	Όμορφη Θεσσαλονίκη
2321	2323	Η γυναίκα που ψηφίζει
2322	2324	Δυο μάγκες με βαρέσανε
2323	2325	Πάρε φωτιά και κάψε με
2324	2326	ΓΚΡΈΜΙΣ’ ΤΑ
2325	2327	Αλάνα Πειραιώτισσα
2326	2328	Είσαι μικρός για μένα (Θέλω άντρα ντερμπεντέρη)
2327	2329	Στα πεύκα και στα έλατα (Τα νιάτα δεν τα χόρτασα)
2328	2330	ΜΕΤΑΝΙΩΣΕΣ
2329	2331	Σούρουπο στις Τζιτζιφιές
2330	2332	Τα ζηλιάρικα σου μάτια
2331	2333	Που θα τα βρεις στρωμένα
2332	2334	Μεσάνυχτα βαθειά σκοτεινιασμένα
2333	2335	Λαϊκό τσατσά
2334	2336	Τέτοιες ώρες η καρδιά
2335	2337	Nihavend Longa
2336	2338	Στρι' ρε κουτσαβάκι
2337	2339	Παραστράτησα για σένα
2338	2340	Αλίμονο σ’ εμένα
2339	2341	Θά ρθω μια γλυκιά βραδυά (Θα΄ρθω μια γλυκειά βραδυά)
2340	2342	Η τύχη με κατάτρεξε
2341	2343	Εγείραν τα κλωνάρια μου
2342	2344	Συννεφιασμένη Κυριακή
2343	2345	Της γειτονιάς σου τα παιδιά
2344	2346	Είσαι ψεύτης Παναγιώτη (Παναγιώτης)
2345	2347	Για δες με πως
2346	2348	Τα παιδιά της αγοράς (Μέσα στη νέα αγορά)
2347	2349	Του Βοτανικού ο μάγκας
2348	2350	Είσαι πόντος
2349	2351	Μια γυναίκα μ' έχει κάψει
2350	2352	Το Κρασί Είναι Η Ζωή Μου
2351	2353	Στην καρδιά μου ένα μαχαίρι από το δικό σου χέρι  1979
2352	2354	Νόμιζα πως ήταν φίλοι
2353	2355	Δειλινό του Σαββάτου
2354	2356	ΤΡΑΓΟΥΔΩ
2355	2357	Γιατί το έκαμες αυτό
2356	2358	Τρελοκόριτσο
2357	2359	Ψεύτικα δακρύζεις
2358	2360	Τύχη γιατί με κυνηγάς
2359	2361	Νέα περβολαριά
2360	2362	Στην αλάνα (Σ’ έστησαν σε μια γωνιά)
2361	2363	Δε θέλω πια να σ'αγαπώ
2362	2364	Θα γυρίσει ο τροχός
2363	2365	Ήμουνα μάγκας μια φορά
2364	2366	Ντουνιά ανακριτή
2365	2367	Μόνος μου
2366	2368	Όσο βαριά είναι τα σίδερα
2367	2369	Το κουμπί
2368	2370	Το παιδί του δρόμου
2369	2371	Να ζει κανείς στη μοναξιά
2370	2372	Σούρα και μαστούρα
2371	2373	Η τραγιάσκα (Εγώ τη μοίρα μου την ξέρω)
2372	2374	Κορόιδο Μανώλη
2373	2375	Είσαι πολύ γλωσσού
2374	2376	Δραπέτης του Γεντί-Κουλέ
2375	2377	Αν έχεις τύχη διάβαινε
2376	2378	Ο καλός ο καπετάνιος
2377	2379	Πάλι θα ανταμωθούμε
2378	2380	Ο καημός της φυλακής
2379	2381	Η τσαχπίνα (Έλα μικρούλα)
2380	2382	Ο Μπεκρής
2381	2383	Γιούργια
2382	2384	Σέρβικο
2383	2385	Το καυγαδάκι
2384	2386	Δώστε μου φαρμάκι
2385	2387	Η φυσαρμόνικα
2386	2388	Κάθε ηλιοβασίλεμα
2387	2389	Η Μαγδάλω
2388	2390	Κληρώθηκα
2389	2391	Τα φράγκα μου χαλάω
2390	2392	Ξανάρθες Βασιλιά
2391	2393	Γιάννης και πάλι Γιάννης
2392	2394	Παράτησε τα ψέματα
2393	2395	Διαβολοκόριτσο
2394	2396	Ο φιγουρατζής
2395	2397	Απ τον καημό μου πίνω
2396	2398	Είσαι μια κότα Παρδάλη
2397	2399	Τι σου ‘χω κάνει
2398	2400	Ήμουνα μόρτης μια φορά
2399	2401	Σ' όλα τα στέκια θα μπουκάρω
2400	2402	Ο γρουσούζης
2401	2403	Ανάμνηση Σμύρνης
2402	2404	Βάλτε φωτιά στις συνταγές
2403	2405	Νύχτα βαριά
2404	2406	Έχασα τα μάτια τα ωραία
2405	2407	Βρέχει βρέχει
2406	2408	Τα φώτα σβήσανε
2407	2409	Φίλησα δυο ξένα χείλη
2408	2410	Τι σε νοιάζει
2409	2411	Τρικαλινή παλιά μου αγάπη
2410	2412	Τα ματόκλαδά σου λάμπουν
2411	2413	Δώδεκα χρονώ κορίτσι
2412	2414	Σ' έχω κάνει πέρα
2413	2415	Σπάστα και τα πληρώνω
2414	2416	Ο ασυρματιστής (Στο τάμγα τηλεγραφητών)
2415	2417	Ο φυλακισμένος
2416	2418	Ο γιατρός χτυπάει την πόρτα
2417	2419	Ανεμόσκαλα θα δέσω
2418	2420	Από μικρός ορφάνεψα
2419	2421	Αδυνάτισα ο καημένος
2420	2422	Πάμε στα πέριξ
2421	2423	Το μυστικό
2422	2424	Πέντε βήματα
2423	2425	Θάλασσα μπαμπέσσα
2424	2426	Ικαριώτικος παλιός
2425	2427	Ξεκινάει μια ψαροπούλα
2426	2428	Ραντεβού σαν περιμένω
2427	2429	Φτάνει η αγάπη σου φτάνει
2428	2430	Υπόφερα για σένα τόσο
2429	2431	Το ακρογιάλι
2430	2432	Δεν τον θέλω μάνα μου
2431	2433	Μενεξέδες και ζουμπούλια
2432	2434	Σαν ποντίκι με την γάτα
2433	2435	Τίποτα δεν πάει χαμένο
2434	2436	Η σούστα πήγαινε μπροστά
2435	2437	Που θα πας
2436	2438	Ολμάζ
2437	2439	Ελένη Ελενάρα
2438	2440	Μάνα μου είμαι φθισικός
2439	2441	Ο γάμος του Τσιτσάνη
2440	2442	Νόστιμη μαυροματού
2441	2443	Απο το πέρα το χωριό
2442	2444	Το 'χει η κατεργάρα μπλέξει
2443	2445	Δεν είσαι μπεσαλού
2444	2446	Κακούργα τύχη
2445	2447	Αλέγκρο (Αλλέγκρο)
2446	2448	Αφού δεν μ' αγαπούσες
2447	2449	Το σπίτι που γεννήθηκε
2448	2450	Είσαι χτικιό
2449	2451	Ο χαρτοπαίχτης
2450	2452	Όλες τις όμορφες
2451	2453	Μαυρομάτα μαυρομάτα
2452	2454	Στα είπα όλα
2453	2455	Όταν σε πρωτογνώρισα
2454	2457	Τη μοίρα μου την είδα (Έχω ντουμάνι στην καρδιά)
2455	2458	Κάθε βράδυ πάντα λυπημένη
2456	2459	Στο Λόγο της τίμης μου
2457	2460	Το ρημαγμένο σπίτι
2458	2461	ΑΣΕ ΜΕ ΝΑ ΖΗΣΩ ΜΟΝΑΧΟΣ
2459	2462	Φόρα τα μαύρα
2460	2463	ΟΙ ΘΑΛΑΣΣΙΝΟΙ
2461	2464	Μακάρι να μην ήσουνα
2462	2465	Εγώ πληρώνω τα σπασμένα
2463	2466	Δραμιωτοπούλα
2464	2467	Απόψε θέλω να πιω  ( θα αναβω με τσιγαρα)
2465	2468	Όποιος πέφτει μόνος του δεν κλαίει.
2466	2469	Χιτζάζ μανές
2467	2470	Δυο μεράκια στην καρδιά μου
2468	2471	Απο το σπίτι σου περνώ
2469	2472	Οι γυναίκες μοιάζουν με τις γάτες
2470	2473	Έλα μια νύχτα
2471	2474	Γεννήθηκα στα βάσανα
2472	2475	Ακόμα και στην κόλαση
2473	2476	Κάποτε ζήλεψα
2474	2477	Χασάπικο απ' τα Ταταύλα
2475	2478	βαριά του άντρα η σκιά  (παριος)
2476	2479	Βάρα νταγερέ
2477	2480	Σκέψου τη δόλια μάνα σου
2478	2481	Φτώχεια καταραμένη
2479	2482	Σαν της Σμύρνης το γιαγκίνι
2480	2483	Σπάστα φως μου για τα μένα
2481	2484	Τ’ ανείπωτα
2482	2485	Τι ήμουνα για σένα
2483	2486	Μαυρομάτα (Περαία και Μοσχάτο)
2484	2487	Μου το ´παν πως μ´ αρνήθηκες
2485	2488	Του Μάρκου τον τεκέ
2486	2489	Ψεύτρα της αγάπης
2487	2490	Ο μπαρμπουτατζής
2488	2491	Η πλημμύρα στην Αθήνα
2489	2492	Πριν το χάραμα
2490	2493	Κάτω απ' τα γεφύρια
2491	2494	Της ορφανής το κρίμα
2492	2495	Αγκαζέ να 'χω βαπόρι
2493	2496	Από ξένο τόπο
2494	2497	Για τα σένα βρε Μαρίκα
2495	2498	Μεθυσμένος
2496	2499	Τσιγγάνα
2497	2500	Σπασμένος καθρέφτης
2498	2501	Όταν περνάς μπροστά μου
2499	2502	Τρούμπα - Χασάπικο
2500	2503	Το καραβάνι (Τσιγγάνικη καρδιά)
2501	2504	Είσαι φάντης
2502	2505	Ντερβίσαινα
2503	2506	Καρδιά κοίτα
2504	2507	Περασμένα-ξεχασμένα (Καθημερνώς με τυραννάς)
2505	2508	Χήρα ζωντοχήρα
2506	2509	Γλέντα μην αργοπορείς
2507	2510	Μ αρέσουν τα ωραία
2508	2511	Το μπαγλαμαδάκι πάψε
2509	2512	Το τρελοκόριτσο
2510	2513	Η μικρή απ' το Πασαλιμάνι (Κάποια μικρή καμωματού
2511	2514	Πανάθεμά τα λέφτα
2512	2515	Γλυκειά μου Πόλη
2513	2516	Θα σε διώξω
2514	2517	Είναι μικρά τα ανθρώπινα
2515	2518	Οι μερακλήδες
2516	2519	παιχνίδια στην ακρογιαλιά
2517	2520	Κάτσε στον καναπέ μου
2518	2521	Το τσαρδί
2519	2522	Όταν το πίνω το κρασί
2520	2523	Είναι όλα μαύρα
2521	2524	Μ' έχουν γελάσει δυο μαύρα μάτια
2522	2525	Η φαντασία
2523	2526	σαν τον μετανάστη
2524	2527	Ο λαθρέμπορος (Με μπαμπεσιά με πιάσανε)
2525	2528	Τι μάγια σ' έχουνε ποτίσει
2526	2529	Τουμπελέκι τουμπελέκι
2527	2530	Ήσουνα ξυπόλητη
2528	2531	Ο αλήτης τραγουδά
2529	2532	Είμαι του δρόμου το παιδί
2530	2533	Σταμάτησε του ρολογιού τους δείκτες
2531	2534	Τρελαίνονται για τους αστέρας
2532	2535	Δε μου κοβότανε το χέρι
2533	2536	Ο ζωντανός ο χωρισμός (Απόψε το γιατάκι μου μονάχος θα το στρώσω)
2534	2537	Που ‘ναι τα χρόνια (πηγα στα μερη)
2535	2538	Ο αγύμναστος
2536	2539	Μπατίρης
2537	2540	Μη μου γκρινιάζεις κούκλα μου
2538	2541	Θα σε ξεχάσω προδότη
2539	2542	Βασίλω
2540	2543	Παράνομή μου αγάπη
2541	2544	Παιδί μου εγώ για σένα
2542	2545	Εφουμέρναμε ένα βράδυ
2543	2546	Δύο χρόνια με κολακευες
2544	2547	Τεκετζής (Είμαι φίνος μάγκας)
2545	2548	Η κατάρα
2546	2549	Ζωή μικρή
2547	2550	Μα τι να κάμω σ'αγαπώ
2548	2551	Ανέβα στο τραπέζι μου
2549	2552	Στο ράφι μείνανε πολλές
2550	2553	Ο καφές
2551	2554	Ο Κόκκορας (της γειτονιάς ο Κόκκορας)
2552	2555	Η πρώτη αγάπη σου είμαι εγώ
2553	2556	Τσακπίνα Σμυρνιοπούλα
2554	2557	Ντροπιασμένος στη ζωή
2555	2558	Πήγα και σου παρήγγειλα
2556	2559	Σαν το πακέτο
2557	2560	Αριστοκράτισσα (Εγώ για σένα ξενυχτώ)
2558	2561	Είμαι μια δυστυχισμένη
2559	2562	Τώρα το πήρες αψηλά
2560	2563	Σε θέλω    σε θελω
2561	2564	Τα νέα της Αλεξάνδρας
2562	2565	Το λάθος
2563	2566	Γιωργίτσα μου
2564	2567	Μήπως δε σ' αγαπούσα
2565	2568	Θα σου φύγω με καιρό
2566	2569	Το καπελάκι σου στραβά
2567	2570	Γιατί κοντά μου κάθεσαι ακόμα
2568	2571	Τα μαλλάκια σου, κυρά μου
2569	2572	Το ξερα πως θα μου φύγεις
2570	2573	Τρεις θα 'ναι οι ώρες σου
2571	2574	Χήρα μ' έκαψες
2572	2575	Κέρνα με πόνε κέρνα με
2573	2576	Kopano Horo
2574	2577	Σερβικάκι αλάνικο
2575	2578	Στης Αλβανίας τα βουνά
2576	2579	Σάλα σάλα
2577	2580	Δεν θέλω πια να μου μιλάς
2578	2581	Δεν θα δακρύσω πιά για σένα
2579	2582	Ο ΜΑΘΗΤΗΣ
2580	2583	Αερόπλανο
2581	2584	Το φλυτζάνι του Γιάννη
2582	2585	Μαστόρισσα καμωματού
2583	2586	Ο αμερικάνος
2584	2587	Πάρε με φεγγάρι μου  (νταλαρας)
2585	2588	Θα πάρω χωριατόπουλο
2586	2589	Γιάνναρος
2587	2590	Τεχνίτης και κατεργάρης
2588	2591	Παντρεμενάδικα
2589	2592	Έχω αλλάξει γνώμη
2590	2593	Σ' αγάπησα να 'χω ζωή
2591	2594	Ένα φθινοπωρινό πικρό
2592	2595	Η γυναίκα μου ζηλεύει
2593	2596	Όταν ξαναγυρίσεις
2594	2597	Ψαράς θα γίνω στη στεριά
2595	2598	Άσπρο μου περιστέρι
2596	2599	Σε παίρνω δίχως φράγκο
2597	2600	Καλημέρα-καληνύχτα
2598	2601	ΤΟ ΣΑΒΒΑΤΟΒΡΑΔΟ
2599	2602	Το ζειμπέκικο της Ευδοκίας
2600	2603	Τα φράγκα κάνανε φτερά
2601	2604	Οδός Αριστοτέλους
2602	2605	ΧΤΕΣ ΤΟ ΒΡΑΔΥ ΣΤΗΝ ΤΑΒΕΡΝΑ
2603	2606	Πήγα σε μάγισσες
2604	2607	Κόρη του παπά
2605	2608	Διαβολικές πενιές
2606	2609	Κάποιο βράδυ με φεγγάρι
2607	2610	Ο κατήφορος
2608	2611	Μας έχουν πάρει οι γυναίκες τον αέρα (Το βιτριόλι)
2609	2612	Τι σήμερα, τι αύριο, τι τώρα
2610	2613	Που πηγαίνεις Ερηνάκι
2611	2614	Σέρβικο χασάπικο
2612	2615	Κατινούλα μάγισσα (Κατινούλα μου)
2613	2616	Οι μπατίρηδες
2614	2617	Πήρε φωτιά το Κορδελιό
2615	2618	Τύχη γιατί με τυραννάς
2616	2619	Μαστίχα
2617	2620	Οι δύο χήρες
2618	2621	Είσαι μεγάλος γόης (Και ποιά γυναίκα δεν ξετρελλαίνεις)
2619	2622	Ψηλά τη χτίζεις τη φωλιά
2620	2623	Μέσα στο πασαλιμάνι (αλανιάρα και τσαχπίνα)
2621	2624	Ένας μάγκας στον τεκέ
2622	2625	Και πού δεν πήγα
2623	2626	Σ' αγαπώ και μη σε νοιάζει
2624	2627	Έφυγες κι είναι όλα μαύρα
2625	2628	Το παλιό τρεχαντήρι (Όμπι όμπι μπι)
2626	2629	Η λατέρνα
2627	2630	Κουκλί της κοκκινιάς
2628	2631	Με πολεμάς μπαμπέσικα
2629	2632	Στου Χαροκόπου και στην Καλλιθέα
2630	2633	Ψιλό γαζί
2631	2634	Ποιος καημός τον βασανίζει
2632	2635	Το παλιόρουχο
2633	2636	Γυναικομάνι
2634	2637	Μια φτωχούλα αγάπησα
2635	2638	Η γιορτή των ζεϊμπέκηδων
2636	2639	Αυγερινό παράπονο
2637	2640	Ο πόνος ο αβάσταχτος
2638	2641	Στης νύχτας το σκοτάδι (Η επιπόλαιη)
2639	2642	Θεσσαλονίκη ξακουσμένη
2640	2643	Ενας αλήτης πέθανε
2641	2644	Η πεντάμορφη
2642	2645	Ο ναύτης (Ένα καράβι απ' τον Περαία)
2643	2646	Αγαπώ μια παντρεμένη
2644	2647	Στο ίδιο σταυροδρόμι
2645	2648	Κρασί γυναίκα και χαρτί
2646	2649	Στα σίδερα με βάλανε
2647	2650	Άδικα με κατακρίνουν
2648	2651	Ρίξε μια ζαριά καλή
2649	2652	Μαντήλι χρυσοκεντημένο
2650	2653	Ο Νίκος ο τρελάκιας
2651	2654	ΜΕ ΤΟ ΒΟΡΙΑ
2652	2655	Θα φύγω
2653	2656	Παλιόπαιδο
2654	2657	Ψιλή βροχούλα έπιασε
2655	2658	Κακιά πληγή
2656	2659	Το 1912
2657	2660	Στον Πειραιά ένα βράδυ
2658	2661	Σαν εγύριζα στην Πύλο
2659	2662	ελα και κόψε με στα δυο
2660	2663	Της αμύνης τα παιδιά
2661	2664	Τα πεταλάκια
2662	2665	Το μοναστήρι (Έφυγε το κορίτσι σου)
2663	2666	Μαύρα μάτια μαύρα φρύδια
2664	2667	Ντούρου ντούρου
2665	2668	Ο φαντάρος
2666	2669	Μουρμουράκι
2667	2670	Ήρθε ένα μήνυμα κακό
2668	2671	Πάνε τα λεφτά μου
2669	2672	Μάμπο με τρελλές πενιές
2670	2673	Δεν θα χωρίσουμε μην κλαις
2671	2674	Δυο καρδιές πονεμένες
2672	2675	Ο μποέμης
2673	2676	Έτσι σ’ αγάπησα
2674	2677	Στο Χόλυγουντ
2675	2678	Ο πρεζάκιας
2676	2679	Πες το ναι και δεν θα χάσεις
2677	2680	Αχάριστη
2678	2681	Το αίνιγμα
2679	2682	Μην μπλεχτείς με παντρεμένη
2680	2683	Ποιος ξέρει αύριο αν θα ζούμε
2681	2684	Γειτονάκι μου
2682	2685	Άσε τον άντρα π' αγαπώ
2683	2686	Γιαλελέμ
2684	2687	Θάλασσα λεβεντοπνίχτρα
2685	2688	Ο συνάχης
2686	2689	Τα παλιά μου τα μεράκια
2687	2690	Από μια πικρή κουβέντα
2688	2691	Τη μηχανή παράτα τη
2689	2692	Δεν με συγκινείς
2690	2693	Ελενάκι αν δε σε πάρω
2691	2694	Όλο θέλεις κι όλο θελεις
2692	2695	Πού να βρω γυναίκα να σου μοιάζει
2693	2696	Βάλε να πιουμε φίλε
2694	2697	Τι να τα κάνω τα λεφτά (Η βαρώνα)
2695	2698	Απελπίστηκα
2696	2699	Το Μινόρε του Τσιτσάνη (Νέο Μινόρε)
2697	2700	Το ομορφόπαιδο
2698	2701	Να 'μαι από καμιά μεριά
2699	2702	Πλάτσα πλούτσα
2700	2703	ΕΓΩ ΕΙΜΑΙ ΑΗΤΟΣ
2701	2717	Πάλι τράβηξα στα πέριξ
2702	2726	Το μπαρμπούτι
2703	2727	Να `μουν γάτος να `σουν γάτα
2704	2728	Τη γούνα μου ‘χουν κάψει
2705	2729	Γιατί να με ρωτάτε
2706	2735	Μια φορά στον κόσμο ζουμε
2707	2736	Είμαι μαγκάκι
2708	2761	Τι σου  κανα και μ εγκατέλειψες (Νυχτοπούλια)
2709	2764	Δεν είσαι εντάξει
2710	2789	Ήχασα Μαντήλι
2711	2790	Δε ζούμε εμείς οι μάγκες
2712	2791	Θα τραβήξω κι όπου βγει
2713	2792	Χαρτονένιος καραγκιόζης
2714	2793	Άβατο
2715	2794	Ψιλή βροχή
2716	2795	Απόψε πάλι θα τα πιω
2717	2822	Οι δυο Σερέτες
2718	2823	Ηθελα να’ μουνα πασάς
2719	2824	με σκλάβωσε η αγάπη σου
2720	2825	Κέρνα μας, κέρνα μας (Σ’ αυτό το σπίτι που ’ρθαμε)
2721	2826	Κεφλίδικο
2722	2827	Αγοροκόριτσο
2723	2828	Ζηλεύει όποιος αγαπά
2724	2829	Ζηλεύει όποιος αγαπά
2725	2830	Ήταν κισμέτ
2726	2831	Ήταν κισμέτ
2727	2839	Ξανθιά μου γόησσα
2728	2840	Ο Σταύρος μες τον τεκέ
2729	2841	Μπαρμπουτατζής
2730	2842	Μέσα στη βαρυχειμωνιά (Ο καστανάς)
2731	2845	Λημνέικο ζεϊμπέκικο
2732	2846	Expectation Waltz (Ozhidanie) / Το βαλς της Σμύρνης
2733	2848	Αλάνης και μπεκρής
2734	2849	Άλλος δεν θα σε πάρει
2735	2850	Αντί κεριά λιβάνια
2736	2851	Άρης Βελουχιώτης
2737	2852	Η χελώνα
2738	2853	Λημνέϊκο ζεϊμπέκικο
2739	2854	Αντικριστός πολίτικος
2740	2855	Μαρς του γάμου
2741	2856	Η Έλλη
2742	2857	Νικρίζ συρτό
2743	2858	Ντε βρε ντε
2744	2859	Μοναχογιός ο Κωσταντής
2745	2860	Ρουμπαλιά
2746	2861	Έτσι σε θέλω μάτια μου
2747	2863	Ο Μοντέρνος Χαραλάμπης
2748	2864	Μικρούλα Πειραιώτισσα
2749	2870	Από κάτω απ’ τις ντομάτες
2750	2871	Δεν σ' αλλάζω κούκλα μου
2751	2872	Άλλα μου λεν τα μάτια σου
2752	2873	Έχω ένα μυστικό
2753	2875	Δεν θέλω να σε ξέρω
2754	2876	Εσύ θα μετανοιώσεις (Μπαγιαντέρα)
2755	2877	Έτσι είναι η ζωή
2756	2878	Έχω απόψε τρελλό μεράκι
2757	2879	Για μια χήρα παιχνιδιάρα
2758	2880	Άγιε μου Σώστη
2759	2881	Μόρτισσα τσαχπίνα
2760	2882	Η πόρτα του φτωχού
2761	2883	Ελένη κολπαδόρα
2762	574	Η γάτα
